scene,seq,N_req,N,box_lo,box_hi,A_in_box,B_in_box
apartment_2,seq_0000,1,1,"[-5.374, -3.792, -9.766]","[4.555, 0.524, -1.029]",True,True
apartment_2,seq_0000,2,2,"[-5.374, -3.792, -9.766]","[4.555, 0.524, 2.333]",True,True
apartment_2,seq_0000,4,4,"[-7.376, -3.792, -9.766]","[4.555, 0.524, 2.333]",True,True
apartment_2,seq_0000,8,8,"[-7.433, -3.792, -9.989]","[4.678, 0.524, 2.333]",True,True
apartment_2,seq_0000,16,16,"[-8.222, -3.792, -9.851]","[5.534, 0.524, 2.333]",True,True
apartment_2,seq_0000,-1,37,"[-8.222, -3.792, -10.088]","[5.534, 0.524, 2.333]",True,True
apartment_2,seq_0001,1,1,"[-5.486, -3.695, -9.291]","[3.192, 0.524, 0.949]",True,True
apartment_2,seq_0001,2,2,"[-5.486, -3.695, -9.291]","[8.157, 0.524, 2.061]",True,True
apartment_2,seq_0001,4,4,"[-7.711, -3.792, -9.291]","[8.157, 0.524, 2.061]",True,True
apartment_2,seq_0001,8,8,"[-7.811, -3.695, -9.778]","[8.157, 0.524, 2.166]",True,True
apartment_2,seq_0001,16,16,"[-8.487, -3.792, -10.318]","[8.157, 0.524, 2.286]",True,True
apartment_2,seq_0001,-1,45,"[-8.487, -3.792, -10.318]","[8.157, 0.524, 2.379]",True,True
apartment_2,seq_0002,1,1,"[-4.802, -3.656, -6.918]","[3.324, 0.524, -0.793]",True,True
apartment_2,seq_0002,2,2,"[-6.703, -3.656, -10.959]","[4.252, 0.524, -0.493]",True,True
apartment_2,seq_0002,4,4,"[-6.703, -3.656, -10.959]","[4.252, 0.524, -0.118]",True,True
apartment_2,seq_0002,8,8,"[-6.703, -3.656, -11.573]","[4.568, 0.524, -0.183]",True,True
apartment_2,seq_0002,16,16,"[-6.703, -3.656, -12.229]","[4.568, 0.524, -0.118]",True,True
apartment_2,seq_0002,-1,24,"[-6.703, -3.656, -12.229]","[5.81, 0.524, -0.118]",True,True
apartment_2,seq_0003,1,1,"[-7.027, -3.675, -8.086]","[4.264, 0.524, -0.538]",True,True
apartment_2,seq_0003,2,2,"[-7.027, -3.675, -15.712]","[4.264, 0.524, -0.538]",True,True
apartment_2,seq_0003,4,4,"[-7.027, -3.792, -15.712]","[4.264, 0.524, 0.604]",True,True
apartment_2,seq_0003,8,8,"[-7.98, -3.792, -15.712]","[4.264, 0.524, 2.52]",True,True
apartment_2,seq_0003,16,16,"[-7.65, -3.792, -15.712]","[4.264, 0.524, 0.604]",True,True
apartment_2,seq_0003,-1,31,"[-7.98, -3.792, -15.712]","[4.264, 0.524, 2.52]",True,True
apartment_2,seq_0004,1,1,"[-6.521, -3.665, -9.599]","[3.313, 0.524, 0.108]",True,True
apartment_2,seq_0004,2,2,"[-6.521, -3.685, -15.892]","[4.061, 0.524, 0.108]",True,True
apartment_2,seq_0004,4,4,"[-6.672, -3.792, -15.892]","[4.256, 0.524, 0.108]",True,True
apartment_2,seq_0004,8,8,"[-7.651, -3.847, -15.892]","[4.341, 0.524, 1.042]",True,True
apartment_2,seq_0004,16,16,"[-7.701, -3.792, -15.892]","[4.374, 0.524, 0.91]",True,True
apartment_2,seq_0004,-1,42,"[-8.096, -3.847, -15.892]","[4.401, 0.581, 1.311]",True,True
apartment_2,seq_0005,1,1,"[-4.318, -3.617, -8.362]","[4.87, 0.524, 1.41]",True,True
apartment_2,seq_0005,2,2,"[-4.318, -3.646, -8.362]","[6.885, 0.524, 2.071]",True,True
apartment_2,seq_0005,4,4,"[-4.318, -3.654, -8.362]","[7.761, 0.524, 2.183]",True,True
apartment_2,seq_0005,8,8,"[-4.318, -3.646, -8.362]","[8.096, 0.524, 2.338]",True,True
apartment_2,seq_0005,16,16,"[-4.318, -3.654, -8.362]","[8.199, 0.524, 2.338]",True,True
apartment_2,seq_0005,-1,18,"[-4.318, -3.654, -8.362]","[8.199, 0.524, 2.338]",True,True
apartment_2,seq_0006,1,1,"[-5.356, -3.695, -8.072]","[3.596, 0.524, -1.082]",True,True
apartment_2,seq_0006,2,2,"[-8.472, -3.695, -8.242]","[3.596, 0.524, -0.653]",True,True
apartment_2,seq_0006,4,4,"[-8.472, -3.695, -8.242]","[3.715, 0.524, -0.653]",True,True
apartment_2,seq_0006,8,8,"[-8.813, -3.695, -8.242]","[3.926, 0.524, -0.124]",True,True
apartment_2,seq_0006,16,16,"[-8.989, -3.695, -8.283]","[3.926, 0.524, -0.124]",True,True
apartment_2,seq_0006,-1,18,"[-9.112, -3.695, -8.618]","[4.022, 0.524, -0.124]",True,True
apartment_2,seq_0007,1,1,"[-5.232, -3.656, -9.436]","[3.844, 0.524, -0.747]",True,True
apartment_2,seq_0007,2,2,"[-5.232, -3.695, -9.436]","[3.844, 0.524, 2.462]",True,True
apartment_2,seq_0007,4,4,"[-8.009, -3.695, -9.436]","[4.714, 0.524, 2.462]",True,True
apartment_2,seq_0007,8,8,"[-7.655, -3.764, -9.436]","[4.565, 0.524, 2.462]",True,True
apartment_2,seq_0007,16,16,"[-8.062, -3.792, -9.436]","[4.714, 0.524, 2.477]",True,True
apartment_2,seq_0007,-1,30,"[-8.062, -3.792, -9.436]","[4.714, 0.524, 2.517]",True,True
apartment_2,seq_0008,1,1,"[-2.344, -3.636, -11.055]","[5.768, 0.275, -0.759]",True,True
apartment_2,seq_0008,2,2,"[-6.75, -3.646, -13.75]","[5.768, 0.524, -0.759]",True,True
apartment_2,seq_0008,4,4,"[-6.75, -3.656, -13.75]","[5.768, 0.524, -0.325]",True,True
apartment_2,seq_0008,8,8,"[-6.75, -3.665, -13.75]","[5.768, 0.524, -0.461]",True,True
apartment_2,seq_0008,16,16,"[-6.864, -3.656, -13.75]","[6.198, 0.524, -0.325]",True,True
apartment_2,seq_0008,-1,23,"[-6.864, -3.665, -13.75]","[6.198, 0.524, -0.325]",True,True
apartment_2,seq_0009,1,1,"[-4.312, -3.617, -9.628]","[4.584, 0.524, -1.487]",True,True
apartment_2,seq_0009,2,2,"[-4.312, -4.028, -9.628]","[6.643, 0.524, -1.487]",True,True
apartment_2,seq_0009,4,4,"[-4.312, -4.028, -9.725]","[6.944, 0.524, -1.487]",True,True
apartment_2,seq_0009,8,8,"[-4.649, -4.028, -10.022]","[7.035, 0.524, -1.487]",True,True
apartment_2,seq_0009,16,16,"[-5.679, -4.028, -11.587]","[7.252, 0.584, -0.852]",True,True
apartment_2,seq_0009,-1,25,"[-5.77, -4.028, -11.587]","[7.252, 0.584, -0.852]",True,True
apartment_2,seq_0010,1,1,"[-6.544, -3.665, -6.568]","[3.895, 0.524, 1.169]",True,True
apartment_2,seq_0010,2,2,"[-6.544, -3.665, -6.568]","[3.895, 0.524, 1.855]",True,True
apartment_2,seq_0010,4,4,"[-6.976, -3.665, -8.797]","[3.895, 0.524, 1.855]",True,True
apartment_2,seq_0010,8,8,"[-7.565, -3.685, -10.706]","[4.036, 0.524, 2.343]",True,True
apartment_2,seq_0010,16,16,"[-7.867, -3.792, -10.706]","[4.443, 0.524, 2.343]",True,True
apartment_2,seq_0010,-1,21,"[-7.867, -3.792, -10.706]","[4.443, 0.524, 2.343]",True,True
apartment_2,seq_0011,1,1,"[-7.745, -3.623, -9.088]","[3.654, 0.372, -1.148]",True,True
apartment_2,seq_0011,2,2,"[-7.745, -3.792, -9.088]","[4.563, 0.524, -1.148]",True,True
apartment_2,seq_0011,4,4,"[-8.382, -3.792, -9.126]","[4.563, 0.524, -1.148]",True,True
apartment_2,seq_0011,8,8,"[-8.382, -3.792, -9.4]","[4.563, 0.524, -1.109]",True,True
apartment_2,seq_0011,16,15,"[-8.382, -3.792, -9.4]","[5.895, 0.524, -0.873]",True,True
apartment_2,seq_0011,-1,15,"[-8.382, -3.792, -9.4]","[5.895, 0.524, -0.873]",True,True
frl_apartment_5,seq_0000,1,1,"[-3.145, -3.458, -5.93]","[6.617, 0.712, 1.366]",True,True
frl_apartment_5,seq_0000,2,2,"[-3.145, -3.494, -5.93]","[8.793, 0.712, 2.219]",True,True
frl_apartment_5,seq_0000,4,4,"[-3.873, -3.494, -6.885]","[10.691, 0.712, 2.483]",True,True
frl_apartment_5,seq_0000,8,8,"[-3.847, -3.494, -7.946]","[11.341, 0.712, 2.652]",True,True
frl_apartment_5,seq_0000,16,15,"[-3.873, -3.497, -7.946]","[11.341, 0.712, 2.652]",True,True
frl_apartment_5,seq_0000,-1,15,"[-3.873, -3.497, -7.946]","[11.341, 0.712, 2.652]",True,True
frl_apartment_5,seq_0001,1,1,"[-3.22, -3.604, -6.605]","[10.557, 0.817, 1.284]",True,True
frl_apartment_5,seq_0001,2,2,"[-3.96, -3.604, -6.605]","[10.557, 1.766, 1.284]",True,True
frl_apartment_5,seq_0001,4,4,"[-3.96, -3.604, -6.679]","[10.714, 1.766, 1.689]",True,True
frl_apartment_5,seq_0001,8,8,"[-3.96, -3.643, -6.712]","[10.875, 1.766, 1.656]",True,True
frl_apartment_5,seq_0001,16,16,"[-3.96, -3.777, -6.716]","[10.947, 1.766, 1.689]",True,True
frl_apartment_5,seq_0001,-1,16,"[-3.96, -3.777, -6.716]","[10.947, 1.766, 1.689]",True,True
frl_apartment_5,seq_0002,1,1,"[-1.795, -3.458, -6.962]","[10.35, 1.224, 0.34]",True,True
frl_apartment_5,seq_0002,2,2,"[-3.608, -3.804, -6.962]","[10.35, 2.425, 1.564]",True,True
frl_apartment_5,seq_0002,4,4,"[-3.608, -3.804, -6.962]","[10.754, 2.425, 1.739]",True,True
frl_apartment_5,seq_0002,8,8,"[-3.608, -3.804, -7.217]","[10.959, 2.425, 1.882]",True,True
frl_apartment_5,seq_0002,16,16,"[-3.608, -3.804, -7.062]","[10.951, 2.425, 2.095]",True,True
frl_apartment_5,seq_0002,-1,60,"[-3.608, -3.964, -7.217]","[11.18, 2.425, 2.095]",True,True
frl_apartment_5,seq_0003,1,1,"[-1.846, -3.427, -7.463]","[10.12, 0.6, 2.027]",True,True
frl_apartment_5,seq_0003,2,2,"[-2.452, -3.604, -7.463]","[10.12, 0.712, 2.027]",True,True
frl_apartment_5,seq_0003,4,4,"[-2.452, -3.604, -7.541]","[10.12, 0.712, 2.027]",True,True
frl_apartment_5,seq_0003,8,8,"[-2.721, -3.604, -7.496]","[10.12, 0.712, 2.382]",True,True
frl_apartment_5,seq_0003,16,14,"[-2.914, -3.604, -7.541]","[10.12, 0.712, 2.471]",True,True
frl_apartment_5,seq_0003,-1,14,"[-2.914, -3.604, -7.541]","[10.12, 0.712, 2.471]",True,True
frl_apartment_5,seq_0004,1,1,"[-3.563, -3.478, -7.501]","[9.646, 0.755, 1.603]",True,True
frl_apartment_5,seq_0004,2,2,"[-3.563, -3.605, -7.501]","[9.646, 0.755, 2.43]",True,True
frl_apartment_5,seq_0004,4,4,"[-3.865, -3.605, -7.531]","[10.629, 0.755, 2.43]",True,True
frl_apartment_5,seq_0004,8,8,"[-3.637, -3.605, -7.711]","[10.834, 0.755, 2.43]",True,True
frl_apartment_5,seq_0004,16,15,"[-3.865, -3.605, -8.005]","[11.124, 0.798, 2.43]",True,True
frl_apartment_5,seq_0004,-1,15,"[-3.865, -3.605, -8.005]","[11.124, 0.798, 2.43]",True,True
frl_apartment_5,seq_0005,1,1,"[-3.694, -3.605, -6.272]","[9.744, 0.712, 1.796]",True,True
frl_apartment_5,seq_0005,2,2,"[-4.367, -3.605, -6.58]","[9.744, 0.837, 1.796]",True,True
frl_apartment_5,seq_0005,4,4,"[-4.367, -3.605, -6.58]","[10.062, 0.837, 1.829]",True,True
frl_apartment_5,seq_0005,8,8,"[-4.422, -3.605, -6.699]","[10.045, 0.837, 1.933]",True,True
frl_apartment_5,seq_0005,16,16,"[-4.739, -3.605, -7.043]","[10.062, 0.837, 1.829]",True,True
frl_apartment_5,seq_0005,-1,33,"[-4.889, -3.801, -7.043]","[10.171, 0.966, 1.95]",True,True
frl_apartment_5,seq_0006,1,1,"[-3.692, -3.499, -6.525]","[8.46, 0.712, 1.461]",True,True
frl_apartment_5,seq_0006,2,2,"[-4.32, -3.604, -6.525]","[8.46, 0.712, 1.928]",True,True
frl_apartment_5,seq_0006,4,4,"[-4.32, -3.604, -6.525]","[8.46, 0.712, 1.928]",True,True
frl_apartment_5,seq_0006,8,8,"[-4.769, -3.605, -6.56]","[8.46, 0.804, 1.928]",True,True
frl_apartment_5,seq_0006,16,16,"[-4.769, -3.605, -6.56]","[8.46, 0.837, 1.928]",True,True
frl_apartment_5,seq_0006,-1,18,"[-4.769, -3.605, -6.56]","[8.46, 0.837, 1.939]",True,True
frl_apartment_5,seq_0007,1,1,"[-1.625, -3.458, -7.001]","[9.817, 0.712, 1.815]",True,True
frl_apartment_5,seq_0007,2,2,"[-1.965, -3.605, -7.001]","[9.817, 0.712, 1.815]",True,True
frl_apartment_5,seq_0007,4,4,"[-3.391, -3.605, -7.001]","[10.194, 0.712, 1.815]",True,True
frl_apartment_5,seq_0007,8,8,"[-2.86, -3.605, -7.001]","[10.179, 0.712, 2.53]",True,True
frl_apartment_5,seq_0007,16,16,"[-3.391, -3.605, -7.001]","[11.016, 0.712, 2.827]",True,True
frl_apartment_5,seq_0007,-1,29,"[-3.405, -3.605, -7.021]","[11.016, 0.712, 2.922]",True,True
frl_apartment_5,seq_0008,1,1,"[-3.463, -3.759, -6.462]","[9.645, 0.712, 1.689]",True,True
frl_apartment_5,seq_0008,2,2,"[-4.062, -3.759, -6.462]","[9.645, 0.712, 1.689]",True,True
frl_apartment_5,seq_0008,4,4,"[-4.144, -3.759, -6.462]","[9.645, 0.836, 2.266]",True,True
frl_apartment_5,seq_0008,8,8,"[-4.062, -3.801, -6.462]","[9.645, 1.009, 2.824]",True,True
frl_apartment_5,seq_0008,16,16,"[-4.144, -3.801, -6.462]","[9.646, 1.009, 2.824]",True,True
frl_apartment_5,seq_0008,-1,24,"[-4.144, -3.801, -6.462]","[9.646, 1.227, 2.824]",True,True
frl_apartment_5,seq_0009,1,1,"[-2.151, -3.497, -7.062]","[10.419, 0.712, 2.353]",True,True
frl_apartment_5,seq_0009,2,2,"[-3.035, -3.497, -7.284]","[10.419, 1.379, 2.353]",True,True
frl_apartment_5,seq_0009,4,4,"[-3.429, -3.517, -7.718]","[10.852, 1.379, 2.353]",True,True
frl_apartment_5,seq_0009,8,8,"[-3.624, -3.604, -7.849]","[11.037, 1.537, 3.548]",True,True
frl_apartment_5,seq_0009,16,16,"[-3.796, -3.689, -7.718]","[10.852, 1.687, 2.353]",True,True
frl_apartment_5,seq_0009,-1,34,"[-4.068, -3.743, -8.605]","[11.037, 1.81, 3.548]",True,True
frl_apartment_5,seq_0010,1,1,"[-3.11, -3.456, -7.802]","[9.139, 0.801, 1.436]",True,True
frl_apartment_5,seq_0010,2,2,"[-3.11, -3.497, -7.802]","[11.307, 0.801, 1.695]",True,True
frl_apartment_5,seq_0010,4,4,"[-3.11, -3.507, -7.831]","[11.307, 0.801, 3.302]",True,True
frl_apartment_5,seq_0010,8,8,"[-3.11, -3.604, -7.907]","[11.307, 0.801, 2.471]",True,True
frl_apartment_5,seq_0010,16,16,"[-3.656, -3.604, -7.831]","[11.307, 0.801, 3.302]",True,True
frl_apartment_5,seq_0010,-1,32,"[-3.656, -3.801, -7.917]","[11.307, 0.801, 3.302]",True,True
frl_apartment_5,seq_0011,1,1,"[-3.841, -3.605, -5.419]","[8.632, 0.712, 1.808]",True,True
frl_apartment_5,seq_0011,2,2,"[-3.841, -3.645, -5.419]","[8.632, 0.836, 1.808]",True,True
frl_apartment_5,seq_0011,4,4,"[-4.254, -3.659, -5.419]","[8.632, 1.009, 1.808]",True,True
frl_apartment_5,seq_0011,8,8,"[-3.99, -3.645, -5.419]","[8.632, 1.227, 1.808]",True,True
frl_apartment_5,seq_0011,16,16,"[-4.254, -3.659, -5.419]","[8.632, 1.227, 1.808]",True,True
frl_apartment_5,seq_0011,-1,18,"[-4.254, -3.659, -5.419]","[8.632, 1.227, 1.808]",True,True
frl_apartment_5,seq_0012,1,1,"[-3.016, -3.468, -5.732]","[7.098, 0.712, 1.308]",True,True
frl_apartment_5,seq_0012,2,2,"[-3.016, -3.604, -5.732]","[9.71, 0.712, 2.074]",True,True
frl_apartment_5,seq_0012,4,4,"[-3.853, -3.604, -7.007]","[10.945, 0.712, 2.527]",True,True
frl_apartment_5,seq_0012,8,8,"[-3.979, -3.604, -7.319]","[11.415, 0.712, 2.815]",True,True
frl_apartment_5,seq_0012,16,15,"[-4.014, -3.604, -7.513]","[11.415, 0.712, 2.815]",True,True
frl_apartment_5,seq_0012,-1,15,"[-4.014, -3.604, -7.513]","[11.415, 0.712, 2.815]",True,True
frl_apartment_5,seq_0013,1,1,"[-4.227, -3.572, -7.967]","[10.011, 0.927, 1.212]",True,True
frl_apartment_5,seq_0013,2,2,"[-4.227, -3.604, -7.967]","[10.011, 0.927, 2.155]",True,True
frl_apartment_5,seq_0013,4,4,"[-4.227, -3.604, -9.053]","[10.011, 0.927, 2.155]",True,True
frl_apartment_5,seq_0013,8,8,"[-4.227, -3.604, -9.053]","[10.19, 0.935, 2.591]",True,True
frl_apartment_5,seq_0013,16,16,"[-4.227, -3.604, -9.053]","[10.19, 0.935, 2.757]",True,True
frl_apartment_5,seq_0013,-1,16,"[-4.227, -3.604, -9.053]","[10.19, 0.935, 2.757]",True,True
frl_apartment_5,seq_0014,1,1,"[-2.135, -3.478, -8.405]","[8.397, 0.877, 2.462]",True,True
frl_apartment_5,seq_0014,2,2,"[-2.233, -3.659, -8.405]","[8.433, 0.877, 2.462]",True,True
frl_apartment_5,seq_0014,4,4,"[-3.05, -3.659, -8.405]","[9.361, 0.877, 2.462]",True,True
frl_apartment_5,seq_0014,8,8,"[-3.67, -3.678, -8.405]","[9.69, 0.877, 3.481]",True,True
frl_apartment_5,seq_0014,16,16,"[-3.05, -3.659, -8.759]","[10.089, 0.887, 4.209]",True,True
frl_apartment_5,seq_0014,-1,44,"[-3.801, -3.678, -8.759]","[10.089, 1.03, 4.814]",True,True
office_4,seq_0000,1,1,"[-1.52, -3.165, -4.664]","[5.591, 0.976, 2.514]",True,True
office_4,seq_0000,2,2,"[-1.572, -3.204, -5.279]","[5.591, 0.976, 3.028]",True,True
office_4,seq_0000,4,4,"[-1.839, -3.204, -5.279]","[5.755, 0.976, 3.028]",True,True
office_4,seq_0000,8,8,"[-3.072, -3.214, -5.279]","[5.846, 0.976, 3.028]",True,True
office_4,seq_0000,16,15,"[-3.072, -3.214, -5.279]","[5.846, 0.976, 3.028]",True,True
office_4,seq_0000,-1,15,"[-3.072, -3.214, -5.279]","[5.846, 0.976, 3.028]",True,True
office_4,seq_0001,1,1,"[-1.793, -3.212, -4.533]","[5.441, 1.081, 1.353]",True,True
office_4,seq_0001,2,2,"[-1.793, -3.212, -4.795]","[5.441, 1.081, 2.344]",True,True
office_4,seq_0001,4,4,"[-1.793, -3.233, -4.795]","[5.443, 1.081, 2.524]",True,True
office_4,seq_0001,8,8,"[-2.155, -3.253, -4.919]","[5.447, 1.081, 3.869]",True,True
office_4,seq_0001,16,14,"[-2.155, -3.253, -4.919]","[5.447, 1.081, 3.869]",True,True
office_4,seq_0001,-1,14,"[-2.155, -3.253, -4.919]","[5.447, 1.081, 3.869]",True,True
office_4,seq_0002,1,1,"[-1.413, -3.223, -4.895]","[5.436, 0.976, 2.542]",True,True
office_4,seq_0002,2,2,"[-1.875, -3.223, -4.895]","[5.436, 1.132, 2.542]",True,True
office_4,seq_0002,4,4,"[-1.875, -3.341, -4.895]","[5.436, 1.132, 4.159]",True,True
office_4,seq_0002,8,8,"[-1.875, -3.341, -4.895]","[5.81, 1.132, 4.221]",True,True
office_4,seq_0002,16,16,"[-1.875, -3.395, -5.044]","[5.81, 1.132, 4.604]",True,True
office_4,seq_0002,-1,16,"[-1.875, -3.395, -5.044]","[5.81, 1.132, 4.604]",True,True
office_4,seq_0003,1,1,"[-2.448, -3.34, -5.038]","[6.008, 0.976, 2.064]",True,True
office_4,seq_0003,2,2,"[-2.448, -3.341, -5.038]","[6.008, 1.263, 2.064]",True,True
office_4,seq_0003,4,4,"[-2.448, -3.341, -5.283]","[6.008, 1.263, 3.118]",True,True
office_4,seq_0003,8,8,"[-3.439, -3.341, -5.283]","[6.156, 1.263, 3.64]",True,True
office_4,seq_0003,16,16,"[-3.439, -3.341, -5.402]","[6.156, 1.263, 3.64]",True,True
office_4,seq_0003,-1,16,"[-3.439, -3.341, -5.402]","[6.156, 1.263, 3.64]",True,True
office_4,seq_0004,1,1,"[-1.549, -3.223, -4.501]","[6.689, 0.976, 2.615]",True,True
office_4,seq_0004,2,2,"[-2.549, -3.341, -5.987]","[6.689, 0.976, 2.812]",True,True
office_4,seq_0004,4,4,"[-2.549, -3.341, -5.987]","[6.689, 0.976, 2.967]",True,True
office_4,seq_0004,8,8,"[-2.549, -3.395, -5.987]","[6.698, 0.976, 3.135]",True,True
office_4,seq_0004,16,16,"[-2.549, -3.395, -5.987]","[7.02, 0.976, 3.252]",True,True
office_4,seq_0004,-1,18,"[-2.549, -3.395, -5.987]","[7.02, 0.976, 3.252]",True,True
office_4,seq_0005,1,1,"[-1.694, -3.204, -4.537]","[6.904, 0.976, 2.875]",True,True
office_4,seq_0005,2,2,"[-1.746, -3.395, -4.537]","[6.904, 0.976, 2.875]",True,True
office_4,seq_0005,4,4,"[-1.837, -3.395, -4.719]","[6.904, 0.976, 2.875]",True,True
office_4,seq_0005,8,8,"[-2.012, -3.395, -4.64]","[6.904, 0.976, 4.916]",True,True
office_4,seq_0005,16,16,"[-2.012, -3.414, -4.719]","[7.007, 0.976, 4.916]",True,True
office_4,seq_0005,-1,21,"[-2.012, -3.414, -4.719]","[7.007, 0.976, 4.916]",True,True
office_4,seq_0006,1,1,"[-1.734, -3.194, -4.66]","[5.595, 0.976, 2.494]",True,True
office_4,seq_0006,2,2,"[-1.734, -3.229, -5.291]","[5.693, 0.976, 2.58]",True,True
office_4,seq_0006,4,4,"[-1.734, -3.233, -5.296]","[5.871, 0.976, 2.58]",True,True
office_4,seq_0006,8,8,"[-2.532, -3.243, -5.296]","[5.889, 0.976, 2.736]",True,True
office_4,seq_0006,16,16,"[-2.64, -3.391, -5.33]","[5.889, 0.976, 2.736]",True,True
office_4,seq_0006,-1,16,"[-2.64, -3.391, -5.33]","[5.889, 0.976, 2.736]",True,True
office_4,seq_0007,1,1,"[-1.345, -3.184, -4.946]","[5.551, 0.976, 3.222]",True,True
office_4,seq_0007,2,2,"[-1.345, -3.341, -4.946]","[5.806, 0.976, 3.222]",True,True
office_4,seq_0007,4,4,"[-1.399, -3.341, -5.355]","[5.806, 0.976, 3.222]",True,True
office_4,seq_0007,8,8,"[-2.189, -3.341, -5.545]","[5.806, 0.976, 3.222]",True,True
office_4,seq_0007,16,16,"[-2.027, -3.395, -5.563]","[6.033, 0.976, 3.222]",True,True
office_4,seq_0007,-1,23,"[-2.189, -3.395, -5.563]","[6.033, 0.976, 3.222]",True,True
office_4,seq_0008,1,1,"[-1.781, -3.301, -4.79]","[6.795, 0.976, 2.962]",True,True
office_4,seq_0008,2,2,"[-2.311, -3.381, -5.344]","[6.795, 0.976, 2.962]",True,True
office_4,seq_0008,4,4,"[-2.41, -3.381, -5.663]","[7.321, 0.976, 3.181]",True,True
office_4,seq_0008,8,8,"[-2.874, -3.381, -6.375]","[7.321, 0.976, 3.283]",True,True
office_4,seq_0008,16,15,"[-2.984, -3.381, -6.513]","[7.321, 0.976, 3.386]",True,True
office_4,seq_0008,-1,15,"[-2.984, -3.381, -6.513]","[7.321, 0.976, 3.386]",True,True
office_4,seq_0009,1,1,"[-1.968, -3.204, -4.804]","[5.844, 0.976, 2.46]",True,True
office_4,seq_0009,2,2,"[-2.918, -3.34, -5.272]","[5.844, 0.976, 2.938]",True,True
office_4,seq_0009,4,4,"[-2.918, -3.34, -5.463]","[6.633, 0.976, 3.086]",True,True
office_4,seq_0009,8,8,"[-3.44, -3.34, -6.2]","[6.727, 0.976, 3.086]",True,True
office_4,seq_0009,16,16,"[-3.513, -3.34, -6.2]","[6.818, 0.976, 3.328]",True,True
office_4,seq_0009,-1,19,"[-3.513, -3.34, -6.2]","[6.818, 0.976, 3.328]",True,True
office_4,seq_0010,1,1,"[-1.577, -3.155, -4.767]","[5.188, 0.8, 2.945]",True,True
office_4,seq_0010,2,2,"[-1.577, -3.264, -4.767]","[5.188, 1.071, 2.945]",True,True
office_4,seq_0010,4,4,"[-1.746, -3.264, -5.169]","[5.593, 1.071, 2.945]",True,True
office_4,seq_0010,8,8,"[-1.912, -3.264, -5.099]","[5.624, 1.071, 2.945]",True,True
office_4,seq_0010,16,14,"[-1.912, -3.264, -5.169]","[5.725, 1.071, 2.945]",True,True
office_4,seq_0010,-1,14,"[-1.912, -3.264, -5.169]","[5.725, 1.071, 2.945]",True,True
office_4,seq_0011,1,1,"[-2.023, -3.243, -4.697]","[5.247, 0.976, 2.637]",True,True
office_4,seq_0011,2,2,"[-2.023, -3.34, -4.697]","[5.247, 0.976, 2.911]",True,True
office_4,seq_0011,4,4,"[-2.023, -3.34, -5.021]","[5.463, 0.976, 3.208]",True,True
office_4,seq_0011,8,8,"[-2.063, -3.395, -4.729]","[6.789, 0.976, 3.377]",True,True
office_4,seq_0011,16,16,"[-2.318, -3.395, -5.021]","[6.789, 0.976, 4.663]",True,True
office_4,seq_0011,-1,24,"[-2.318, -3.395, -5.021]","[6.789, 0.976, 4.663]",True,True
