method,N_req,frac,N,n_cand,kept,n_pred,n_ref,acc,comp,chamfer,precision@0.1,recall@0.1,f1@0.1,precision@0.2,recall@0.2,f1@0.2,precision@0.5,recall@0.5,f1@0.5,iou
A_point,-1,0.02,23.666666666666668,76640.7435897436,1532.3589743589744,1532.3589743589744,59403.743589743586,0.20390868163179127,1.9625680201083195,1.0832383508700554,0.7849424515851033,0.09521501172021161,0.16918835738138505,0.84276434355737,0.1263124920675232,0.21888609418381294,0.8698175407233757,0.20952905519786413,0.3355194855026762,0.05019407329695685
A_point,-1,0.05,23.666666666666668,76640.7435897436,3831.5384615384614,3831.5384615384614,59403.743589743586,0.20539378301438746,1.5024898500691017,0.8539418165417447,0.6992177093151118,0.18489653851488116,0.29083219742086935,0.8110004242473824,0.23854444589598367,0.3665609912516532,0.8833022599362474,0.34748328158144154,0.49488369221989903,0.09600967985431104
A_point,-1,0.1,23.666666666666668,76640.7435897436,7663.5641025641025,7663.5641025641025,59403.743589743586,0.21692803395377647,1.1088281817774481,0.6628781078656123,0.5948647638846999,0.27850148591575863,0.3766395548247298,0.7568798278529723,0.360589334845848,0.48540944893752824,0.8898834497823458,0.4856037554726947,0.6246385861292377,0.13282243582377967
A_point,-1,0.25,23.666666666666668,76640.7435897436,19159.82051282051,19159.82051282051,59403.743589743586,0.25894023126843546,0.5283561134477422,0.39364817235808885,0.44952924718075254,0.4289595999618758,0.4352111634223142,0.650458663848099,0.5458547399914058,0.5903215132523426,0.8648972821459119,0.7007185503119595,0.7712999230316259,0.15994731026551523
A_point,-1,0.5,23.666666666666668,76640.7435897436,38320.07692307692,38320.07692307692,59403.743589743586,0.3662493877282477,0.3234297338657863,0.344839560797017,0.32612489111286275,0.5495192523029632,0.4058170319178415,0.5219633440525878,0.6879867280859094,0.5902280447379666,0.7884189761990447,0.829122792103368,0.8062983515959,0.1453931481620279
A_point,-1,1.0,23.666666666666668,76640.7435897436,76640.7435897436,76640.7435897436,59403.743589743586,0.5646359442861818,0.2611282379417207,0.4128820911139513,0.22603022705690387,0.6633699806783862,0.33449765036379464,0.38999883243951716,0.7724532035405679,0.514616147328285,0.6691959649032534,0.8676931617290355,0.7527794527151989,0.11421622680523254
A_point,1,0.02,1.0,9476.871794871795,188.94871794871796,188.94871794871796,14955.076923076924,0.21691954667236638,1.7841114942027378,1.0005155204375522,0.7590704439343886,0.04731652674651532,0.08885450208092231,0.8094727121347915,0.07622170696707088,0.13862726696492972,0.8507005271762899,0.17242793174709214,0.2838073963965915,0.012363435401054657
A_point,1,0.05,1.0,9476.871794871795,473.35897435897436,473.35897435897436,14955.076923076924,0.1930364606435131,1.488943271193283,0.8409898659183981,0.7441558070486276,0.11010332140752158,0.19086343282232343,0.8240105346625259,0.16450494459171097,0.27230312467992474,0.8860914381080705,0.2948915713724503,0.43876451725457116,0.03023568033772705
A_point,1,0.1,1.0,9476.871794871795,947.2307692307693,947.2307692307693,14955.076923076924,0.19303073903660614,1.1555779223025981,0.6743043306696023,0.6878858163119475,0.19209820299598054,0.29839640544652934,0.7997214070940603,0.27991480409908254,0.4121001011956297,0.896230231520891,0.4420840794013205,0.5890007471092472,0.05461687331577476
A_point,1,0.25,1.0,9476.871794871795,2368.948717948718,2368.948717948718,14955.076923076924,0.22218716841178038,0.622813051352704,0.4225001098822423,0.579534904863011,0.33276092875407526,0.42041846433021407,0.7288504877512026,0.4844956054294708,0.5795394737344741,0.8828226881904359,0.6959937541537832,0.7747854282436523,0.09782208913909332
A_point,1,0.5,1.0,9476.871794871795,4738.282051282052,4738.282051282052,14955.076923076924,0.2772075455870189,0.3916749390180472,0.334441242302533,0.4797416450711391,0.422297273084364,0.44648677811269993,0.6480861826131034,0.5879864463718673,0.6138596335382811,0.8394825760528744,0.7912629312597034,0.8118215720875112,0.1248249528299263
A_point,1,1.0,1.0,9476.871794871795,9476.871794871795,9476.871794871795,14955.076923076924,0.41092487549602497,0.3226358295130516,0.3667803525045383,0.3451754071141418,0.4680885149137262,0.39442401448801095,0.5151590309038483,0.6322639658902494,0.5644132529277517,0.747247705321937,0.8323401332487353,0.7847837166479044,0.12026553575157849
A_point,2,0.02,2.0,16246.948717948719,324.5128205128205,324.5128205128205,24069.0,0.16512183705632838,1.5570831559923184,0.8611024965243234,0.7186938135112557,0.048904019310439105,0.0912912681755689,0.8436160846218484,0.08732511925223842,0.15759221887556205,0.9019979375457827,0.19921368510324727,0.3245868737734676,0.014855820559220495
A_point,2,0.05,2.0,16246.948717948719,811.9230769230769,811.9230769230769,24069.0,0.16385688194878645,1.293855916748417,0.7288563993486017,0.7096489213918584,0.1130918950945464,0.19393185348335806,0.8385447798046616,0.18078000672520508,0.29556048811645586,0.9093595751983963,0.3279779862357153,0.4801069392550013,0.0364978147984918
A_point,2,0.1,2.0,16246.948717948719,1624.3076923076924,1624.3076923076924,24069.0,0.17109464337722557,0.9983277406481309,0.5847111920126782,0.6771394191879215,0.20287133683958364,0.30987325602142324,0.8172858780260889,0.3062909661649739,0.4428600425389429,0.9080926921571455,0.4830530589357318,0.6284949429243795,0.06694304229589673
A_point,2,0.25,2.0,16246.948717948719,4061.3846153846152,4061.3846153846152,24069.0,0.2146965249769581,0.5039138176887292,0.3593051713328437,0.5697041235424342,0.35705418189398863,0.43601356915761214,0.7366567023434308,0.5277880243839664,0.6115451200291891,0.884012402099581,0.7431693635307808,0.8049911893480323,0.11722382265456058
A_point,2,0.5,2.0,16246.948717948719,8123.2307692307695,8123.2307692307695,24069.0,0.2820360295325425,0.3118767776846288,0.2969564036085856,0.46603581702903185,0.45721830130030966,0.4582183261035557,0.6474920941616834,0.643137669443988,0.6416636774632201,0.8420605611650512,0.842365849896149,0.8397416474021008,0.14195546537776657
A_point,2,1.0,2.0,16246.948717948719,16246.948717948719,16246.948717948719,24069.0,0.44326054536452003,0.24438452524750373,0.34382253530601187,0.33618655452174667,0.52040037561792,0.40527738603979274,0.5126767836093962,0.7082884234256275,0.5909862202116716,0.7480690913505464,0.8879849689230107,0.8085154848056272,0.13166612219849122
A_point,4,0.02,4.0,28508.5641025641,569.6666666666666,569.6666666666666,34478.53846153846,0.20568084551339977,1.665179166520561,0.9354300060169806,0.7657768107001213,0.06678927020163819,0.12264027714594178,0.8366226955023598,0.10628779732643388,0.18813225020887478,0.8671967458219247,0.21682489208152494,0.34491187545600027,0.02450740307395608
A_point,4,0.05,4.0,28508.5641025641,1424.974358974359,1424.974358974359,34478.53846153846,0.18929914595370875,1.3577563105631951,0.7735277282584518,0.7548482289201943,0.14983092462154596,0.24914237038096318,0.8394084984513526,0.21518152624072193,0.34078221517361085,0.8858528880994285,0.35305335566266294,0.5009043223046566,0.05804828560085982
A_point,4,0.1,4.0,28508.5641025641,2850.4358974358975,2850.4358974358975,34478.53846153846,0.19501876734710308,1.0171265519536619,0.6060726596503825,0.6912438516063166,0.2502680523395811,0.365734864749999,0.8109408877048486,0.3481546215486309,0.48437412833203514,0.8926958696582116,0.5130369928019942,0.6471195500276518,0.09687060208070236
A_point,4,0.25,4.0,28508.5641025641,7126.74358974359,7126.74358974359,34478.53846153846,0.22718004595708335,0.5117099282628157,0.36944498710994955,0.5569255985508648,0.4139683370313541,0.4727167307796053,0.7260534181227681,0.571465751010841,0.6364067810099207,0.8802513691973112,0.7482962412957666,0.8055983647260809,0.14632971453749638
A_point,4,0.5,4.0,28508.5641025641,14254.0,14254.0,34478.53846153846,0.2886572042882074,0.2919788400071544,0.29031802214768093,0.4360968960943769,0.5182703851887317,0.47139056391912293,0.6229771901383431,0.6893559723553221,0.651490599984393,0.8358684628163585,0.8551309912225651,0.8427360296290545,0.15772446556206046
A_point,4,1.0,4.0,28508.5641025641,28508.5641025641,28508.5641025641,34478.53846153846,0.45462734643844865,0.22939773797041094,0.3420125422044298,0.3094409757161614,0.5983600801918296,0.405801625514314,0.4869220330094949,0.7649858834971432,0.5916800751196828,0.7365968068969108,0.8982168059809098,0.8061295888163337,0.13649641564394596
A_point,8,0.02,8.0,44257.256410256414,884.6923076923077,884.6923076923077,44439.41025641026,0.21294801024430732,1.8319622245607934,1.0224551174025502,0.787329809346189,0.07921628077439802,0.1436581692107473,0.8355104448046513,0.11178841145956497,0.1966373794270458,0.860178396157585,0.20503511598481697,0.3290224270045349,0.035001316421760534
A_point,8,0.05,8.0,44257.256410256414,2212.4615384615386,2212.4615384615386,44439.41025641026,0.1972656007914735,1.4346228703275956,0.8159442355595347,0.7457216218090084,0.1693492104740459,0.2750667414126023,0.8319833664810817,0.22705876310466921,0.3551034616181809,0.8830670026266143,0.346721063827597,0.4944367671989913,0.07609120460669923
A_point,8,0.1,8.0,44257.256410256414,4425.333333333333,4425.333333333333,44439.41025641026,0.20703079523217438,1.0595981177749656,0.63331445650357,0.6579223430823268,0.26793144562864313,0.3791815837656344,0.7901264834544499,0.3582366267176606,0.4900422130320145,0.8889050557354952,0.5055117308280225,0.6394403942946456,0.11591196216787615
A_point,8,0.25,8.0,44257.256410256414,11064.051282051281,11064.051282051281,44439.41025641026,0.23845357209857881,0.5117852116952744,0.3751193918969266,0.5126641342088752,0.4279455152066822,0.46406279793852906,0.6962178885871629,0.5657502289586159,0.6209345888641195,0.875856026168887,0.7261210893221227,0.7906844900096442,0.15645163696038678
A_point,8,0.5,8.0,44257.256410256414,22128.384615384617,22128.384615384617,44439.41025641026,0.3127005461754285,0.29282352261993577,0.30276203439768207,0.38801832773549105,0.5383941109972519,0.4486428423005829,0.5815297932996324,0.6976687589976862,0.6311064416501178,0.8207126658213004,0.8520639190180598,0.8337502713745543,0.155679123424705
A_point,8,1.0,8.0,44257.256410256414,44257.256410256414,44257.256410256414,44439.41025641026,0.49010380476854426,0.23452467817487,0.3623142414717071,0.27187485673970335,0.6370106602877014,0.37916091327041473,0.44574153737144456,0.7811412744144022,0.5644597849486195,0.7135618862229279,0.8907676289742452,0.7898580550226503,0.12849483375743198
A_point,16,0.02,15.692307692307692,63060.53846153846,1260.7179487179487,1260.7179487179487,54121.41025641026,0.2072870001451627,1.9300038704074718,1.0686454352763173,0.7900503178448782,0.09006020432478078,0.16131999809352632,0.841176202461684,0.12109039645778709,0.21110790728269274,0.8665186182056437,0.20639908762199988,0.331439004530226,0.044794401379946266
A_point,16,0.05,15.692307692307692,63060.53846153846,3152.5128205128203,3152.5128205128203,54121.41025641026,0.20203492673655837,1.4835024768864655,0.842768701811512,0.719665308344706,0.18154675968004882,0.2889438549113332,0.820460290221965,0.2354372937985866,0.36428419165837855,0.8844324966087159,0.34760210232790567,0.4956386369566242,0.09050271297048476
A_point,16,0.1,15.692307692307692,63060.53846153846,6305.589743589743,6305.589743589743,54121.41025641026,0.2142230565844848,1.0903710606279837,0.6522970586062343,0.6181894320736074,0.2762876377251256,0.3802034464763239,0.769937937111345,0.3609238304286727,0.48886643163902666,0.8894152829816011,0.4940926955164387,0.6306414832209051,0.12816509497542425
A_point,16,0.25,15.692307692307692,63060.53846153846,15764.71794871795,15764.71794871795,54121.41025641026,0.2501066531479064,0.5100980540509796,0.380102353599443,0.4701216662072325,0.42998984881089963,0.446521019498514,0.6651460642573033,0.5526512590577283,0.6007067724060647,0.8699827946833903,0.7117669428957709,0.7799607173093056,0.16034697764602732
A_point,16,0.5,15.692307692307692,63060.53846153846,31530.02564102564,31530.02564102564,54121.41025641026,0.3433243096314656,0.313215261461737,0.3282697855466013,0.3441651629315655,0.5468577338658615,0.42006295950098976,0.5393528552375206,0.6916133933370298,0.6031738460306433,0.8002345765115988,0.8376923071617788,0.8165495434380146,0.1496600354431729
A_point,16,1.0,15.692307692307692,63060.53846153846,63060.53846153846,63060.53846153846,54121.41025641026,0.532921615397774,0.2538431139838598,0.3933823646908169,0.24007467282364567,0.6592772282055015,0.35007304732189215,0.407672791748892,0.7762751667869937,0.5315810145806501,0.6854398864855259,0.8744393591493972,0.7661131591660575,0.11948207901853032
B_argmax,-1,0.02,23.666666666666668,76630.28205128205,1532.076923076923,1532.076923076923,59403.743589743586,0.207388675123199,1.948759811837896,1.0780742434805475,0.7862167103205236,0.09522572643897491,0.1693101692178809,0.8411958905817922,0.12796173647374934,0.2212921115265398,0.8686052211840866,0.21245315048676863,0.3390689022336557,0.049424011143182484
B_argmax,-1,0.05,23.666666666666668,76630.28205128205,3831.076923076923,3831.076923076923,59403.743589743586,0.2013654913364245,1.470691780327812,0.8360286358321182,0.6893377037236077,0.18122241623105514,0.2858757193749069,0.8082578878407813,0.24288700472333416,0.3715825742826213,0.8889925901925164,0.362029701749264,0.5104092480259054,0.09485909723094797
B_argmax,-1,0.1,23.666666666666668,76630.28205128205,7662.589743589743,7662.589743589743,59403.743589743586,0.21411040171263232,1.0573198038649623,0.6357151027887974,0.5791064805493946,0.27013546666191307,0.36660003969243476,0.7492361981397807,0.3631941896999057,0.4868814757281142,0.8928953410162463,0.49828664320290783,0.6362028106899218,0.12758841762574308
B_argmax,-1,0.25,23.666666666666668,76630.28205128205,19157.20512820513,19157.20512820513,59403.743589743586,0.2728776291244702,0.543892519409004,0.4083850742667371,0.42244483634336616,0.41543901739784517,0.4163227963039021,0.6229567395056224,0.5366226072320361,0.5744103226834784,0.8537884721805116,0.7081052435856838,0.7718994801517844,0.14923750130961252
B_argmax,-1,0.5,23.666666666666668,76630.28205128205,38314.94871794872,38314.94871794872,59403.743589743586,0.36737169260728086,0.33479226191343914,0.35108197726036,0.31127866580063634,0.5331785230923415,0.39014341318802787,0.5040263455951604,0.6677289417065325,0.5718644000696191,0.7824580116525832,0.8175648719789594,0.7979288245228238,0.13698253551257733
B_argmax,-1,1.0,23.666666666666668,76630.28205128205,76630.28205128205,76630.28205128205,59403.743589743586,0.5269640586618275,0.24423906558829026,0.38560156212505886,0.2182640206426173,0.6510024122552319,0.32435470132533567,0.38283112750912723,0.7675174054421107,0.5076551182881484,0.6707532629135605,0.8712964625625946,0.7554335601641676,0.10811648191437537
B_argmax,1,0.02,1.0,9813.153846153846,195.71794871794873,195.71794871794873,14955.076923076924,0.23157587534318055,1.76941318660242,1.0004945309728004,0.7378909467630123,0.0471877840711886,0.08846259186650303,0.7896076412681305,0.0780122578314929,0.1412598877161939,0.8365271565670815,0.1767374445069411,0.28843525397034553,0.013219174828797736
B_argmax,1,0.05,1.0,9813.153846153846,490.20512820512823,490.20512820512823,14955.076923076924,0.2060245065261861,1.4579235590478195,0.8319740327870028,0.7266424038020659,0.11064455708360085,0.1911398322278854,0.8039450080734591,0.1682264395849187,0.2764171382637447,0.8752091359131763,0.30546891509962165,0.4492946952773164,0.031999284397951744
B_argmax,1,0.1,1.0,9813.153846153846,980.8974358974359,980.8974358974359,14955.076923076924,0.20502499412130654,1.1124587242859427,0.6587418592036246,0.6748110798851282,0.19481796336287185,0.30043466138407066,0.7815768212338972,0.28818755391835055,0.41895983322929037,0.8872408890236836,0.4582391026798699,0.6013571042392873,0.057420947438753936
B_argmax,1,0.25,1.0,9813.153846153846,2452.923076923077,2452.923076923077,14955.076923076924,0.22867446431471064,0.5936362470410784,0.4111553556778945,0.5555741801521232,0.32518346657690766,0.4078008637148644,0.7101367181396085,0.4916973925721327,0.5788413021968891,0.8794368390209564,0.7156764749918404,0.7865698844213683,0.09851298305097855
B_argmax,1,0.5,1.0,9813.153846153846,4906.307692307692,4906.307692307692,14955.076923076924,0.2843776628508813,0.3855612403527281,0.3349694516018047,0.4452248596023792,0.40886152371620016,0.42333571335329256,0.6215550436359368,0.5931554664382732,0.6044129419982304,0.8393243520103653,0.7992768378942093,0.816600669756088,0.11927736771081474
B_argmax,1,1.0,1.0,9813.153846153846,9813.153846153846,9813.153846153846,14955.076923076924,0.3976212368739396,0.3027498904912686,0.35018556368260406,0.32430353851024485,0.4694841918550891,0.3804701219436487,0.5009183138229476,0.648074729994925,0.561717684362239,0.7559645839089304,0.8497599077498476,0.7974569752091331,0.11479495879008204
B_argmax,2,0.02,2.0,16527.97435897436,330.1025641025641,330.1025641025641,24069.0,0.17392891521483111,1.5511926696968172,0.8625607924558242,0.7223467032812929,0.04969648365798449,0.0927322529029236,0.8292061820107502,0.08915221801077328,0.16033171804340454,0.8937688947098622,0.2025473648992032,0.3285097380718955,0.015185147709771911
B_argmax,2,0.05,2.0,16527.97435897436,825.9487179487179,825.9487179487179,24069.0,0.17391374817489894,1.27582009182963,0.7248669200022645,0.706057284258778,0.11392181668879328,0.19526612373996297,0.8180171586055339,0.18230258385613654,0.29658111327115655,0.8995217106372033,0.33503836823887057,0.4862443088609257,0.036438965568633526
B_argmax,2,0.1,2.0,16527.97435897436,1652.3589743589744,1652.3589743589744,24069.0,0.1833672317088265,0.9615589161532885,0.5724630739310574,0.6671147978416341,0.20408855567254805,0.3105933592176455,0.7954127434624515,0.3102159811616173,0.4438447149975966,0.8984056032836301,0.5027006078785978,0.6426011290971452,0.06635592361098586
B_argmax,2,0.25,2.0,16527.97435897436,4131.51282051282,4131.51282051282,24069.0,0.2205273391515153,0.48939807705895066,0.35496270810523295,0.5507852764953596,0.35127159288539406,0.42662106352938306,0.7166732832144774,0.5313821163043476,0.6078210125708507,0.8803625740885304,0.7594023413206954,0.8135718025884024,0.1139512687737192
B_argmax,2,0.5,2.0,16527.97435897436,8263.692307692309,8263.692307692309,24069.0,0.29148652622484783,0.3106628952376334,0.30107471073124065,0.44034951101933845,0.4486805456263764,0.4418566081706611,0.6231537421840263,0.6430653037926893,0.6304922832941366,0.8381438600307141,0.8428545045201452,0.8386933698845269,0.13465493348068006
B_argmax,2,1.0,2.0,16527.97435897436,16527.97435897436,16527.97435897436,24069.0,0.4288826873943247,0.2378372119694418,0.3333599496818832,0.3210301522620089,0.5248984975621489,0.39573555822104567,0.49986317877441905,0.7156504551913832,0.5855593453953741,0.751579459067892,0.8934126174460693,0.8130951442656892,0.12578865259041805
B_argmax,4,0.02,4.0,29343.02564102564,586.3333333333334,586.3333333333334,34478.53846153846,0.21363955817571692,1.6548266657298119,0.9342331119527643,0.7685085928387272,0.0684929363223222,0.12554013545411902,0.8266490174846203,0.10987392667549309,0.19346544950445319,0.861422143140667,0.2231025559520861,0.3522653515432055,0.024415711183492856
B_argmax,4,0.05,4.0,29343.02564102564,1466.6923076923076,1466.6923076923076,34478.53846153846,0.19535003061510167,1.3245024647208483,0.7599262476679749,0.7542382751211671,0.1530732592621437,0.25366097787254416,0.8305255490407688,0.22088385982579212,0.34725991666675915,0.8821072217031266,0.3654840340944739,0.5124471491295131,0.05823302798734758
B_argmax,4,0.1,4.0,29343.02564102564,2933.871794871795,2933.871794871795,34478.53846153846,0.20017127949052835,0.9673574706153346,0.5837643750529316,0.6821895023197764,0.2523612254135026,0.36711144103294924,0.800223121648762,0.35915113528484893,0.49333407700125276,0.8892760277593575,0.5356713425055607,0.6645478138636179,0.09615781316332689
B_argmax,4,0.25,4.0,29343.02564102564,7335.358974358975,7335.358974358975,34478.53846153846,0.23290809954636585,0.48113928651775834,0.3570236930320621,0.5322974439695567,0.40691820053527056,0.4596721112633009,0.7042369015904901,0.5735673425276868,0.6299595118478799,0.8754105124021245,0.7588560033497159,0.8101043950906768,0.14014766509117343
B_argmax,4,0.5,4.0,29343.02564102564,14671.333333333334,14671.333333333334,34478.53846153846,0.29864005416100925,0.2918567633292688,0.295248408745139,0.40819625242905405,0.5142129464729124,0.4534469520494153,0.5956376075049687,0.6884905519627745,0.6364760960910737,0.8289291182483303,0.8539558305651693,0.839268680638825,0.14849541285674273
B_argmax,4,1.0,4.0,29343.02564102564,29343.02564102564,29343.02564102564,34478.53846153846,0.44034527736626916,0.22360479240409914,0.33197503488518415,0.29197868508421976,0.603451148732942,0.3917541857194707,0.4687753629994199,0.7689070802470974,0.5796817019186555,0.7362109547655048,0.9024748033979987,0.8080025947587084,0.12864508325023832
B_argmax,8,0.02,8.0,45334.64102564102,906.2051282051282,906.2051282051282,44439.41025641026,0.21660006021917388,1.8229941079277676,1.0197970840734707,0.7894947389509347,0.08077600701781557,0.14626021919260138,0.8338429483987991,0.11489758841525433,0.20137805214645738,0.8583876668131012,0.20828504954083935,0.3332502914535367,0.034840945256168925
B_argmax,8,0.05,8.0,45334.64102564102,2266.2820512820513,2266.2820512820513,44439.41025641026,0.19882343152627546,1.3883766057244757,0.7936000186253757,0.741661167727199,0.1722429264370891,0.27878922644647564,0.8307469165427426,0.23633297900153982,0.3663253063396574,0.8835049721712179,0.3639178029244746,0.5117162192348431,0.07693605615169313
B_argmax,8,0.1,8.0,45334.64102564102,4533.0,4533.0,44439.41025641026,0.2065204127737511,1.0128076567460225,0.6096640347598868,0.6431165970497548,0.2662949865650374,0.37538714672907314,0.7822397520916556,0.3688079158644869,0.49867125061184436,0.8906157678415969,0.5260175042477708,0.656787240333971,0.11452459709378886
B_argmax,8,0.25,8.0,45334.64102564102,11333.23076923077,11333.23076923077,44439.41025641026,0.24611003177363683,0.4834019948362936,0.3647560133049652,0.4815712590270189,0.4162799671216361,0.4448213443246669,0.6707415412987201,0.5652877399112919,0.6109909322436956,0.8703911838448816,0.741633620589915,0.7983566791436618,0.14753233393899043
B_argmax,8,0.5,8.0,45334.64102564102,22667.05128205128,22667.05128205128,44439.41025641026,0.32226148496113505,0.29699419791424936,0.30962784143769223,0.3618660279043017,0.5308661112377728,0.4285996135151261,0.5553528805731955,0.6912885612344944,0.6137175692615576,0.8120588048232625,0.847533272062371,0.8275761971405395,0.14539245794778055
B_argmax,8,1.0,8.0,45334.64102564102,45334.64102564102,45334.64102564102,44439.41025641026,0.4683501175931727,0.22727229325395826,0.3478112054235655,0.25921010234664404,0.6368272568189732,0.36667804036719015,0.43410761960864164,0.779908664658511,0.5550274432490494,0.7135581413438841,0.8932427254191956,0.7909170301150598,0.12159250568810648
B_argmax,16,0.02,15.692307692307692,63971.333333333336,1278.923076923077,1278.923076923077,54121.41025641026,0.21203479933218347,1.9203096693783768,1.06617223435528,0.7882330382196101,0.09067349708077546,0.16227468956289864,0.8390873049722409,0.12293872790189377,0.21379254432287412,0.8642057546619839,0.2079619409773285,0.33328996950531986,0.04453845231863638
B_argmax,16,0.05,15.692307692307692,63971.333333333336,3198.1794871794873,3198.1794871794873,54121.41025641026,0.20176518204141297,1.438217587618686,0.8199913848300495,0.7112496596736644,0.18055523401867737,0.287241165559174,0.8171465877998849,0.2418378658567235,0.3716212572360225,0.886451390305947,0.36450347953912704,0.5125222915009632,0.09000515494519647
B_argmax,16,0.1,15.692307692307692,63971.333333333336,6396.717948717948,6396.717948717948,54121.41025641026,0.2120878878580608,1.0386385147090453,0.625363201283553,0.6009188559915172,0.27025920841003653,0.3716051799486649,0.7604884437760508,0.36559810199532433,0.49145178380176374,0.8920803936145577,0.5081199477763481,0.6429984512921398,0.12463878958629124
B_argmax,16,0.25,15.692307692307692,63971.333333333336,15992.51282051282,15992.51282051282,54121.41025641026,0.26209803364998563,0.5163122361159975,0.3892051348829916,0.4410308719944411,0.41805825479748,0.427420070797366,0.6388901155599934,0.5486424666337572,0.5880119507067669,0.8604109881621056,0.7223914221808064,0.7830672015485975,0.1502196865506033
B_argmax,16,0.5,15.692307692307692,63971.333333333336,31985.46153846154,31985.46153846154,54121.41025641026,0.3480996968698378,0.32406576468057974,0.3360827307752087,0.32674621560594996,0.5350219895951756,0.40378522140708867,0.5202948401169164,0.676930139288977,0.5862541056869021,0.7924326850785776,0.8265031658336945,0.8074585666507997,0.14070663041041762
B_argmax,16,1.0,15.692307692307692,63971.333333333336,63971.333333333336,63971.333333333336,54121.41025641026,0.5046854858903119,0.2377713522244543,0.3712284190573831,0.2309676089427788,0.6511644372349423,0.3391126192619163,0.3997177403828343,0.774440400662388,0.5244984349570897,0.6860407126527598,0.8803026765128138,0.7687832702424419,0.11299787890435646
C_grid,-1,0.02,23.666666666666668,606924.7435897436,12138.128205128205,12138.128205128205,59403.743589743586,0.24800564181636509,1.0399062594986233,0.6439559506574941,0.49108136283668724,0.29260546963248657,0.3542798972759357,0.7353247222460719,0.35974495114376426,0.47636615133578275,0.8722657723290803,0.4806055768224978,0.6163290255121913,0.1282142217876253
C_grid,-1,0.05,23.666666666666668,606924.7435897436,30345.871794871793,30345.871794871793,59403.743589743586,0.30782218473652695,0.613148325146638,0.46048525494158243,0.34630258569768874,0.44803469026046655,0.37667878267666477,0.5982734761212972,0.5198944429409577,0.5461401084837091,0.8315304656568906,0.6488457314997274,0.7246582339261743,0.14047624071898182
C_grid,-1,0.1,23.666666666666668,606924.7435897436,60692.179487179485,60692.179487179485,59403.743589743586,0.42354929503861083,0.40223195515906124,0.41289062509883606,0.24971437038628685,0.5838110653512084,0.33889629376498714,0.4673713211861201,0.6543989758875466,0.5340467641081279,0.7506571865927816,0.7716796024776391,0.7572653316996534,0.12291527670190089
C_grid,-1,0.25,23.666666666666668,606924.7435897436,151731.0,151731.0,59403.743589743586,0.7327930695913204,0.23821131193663375,0.485502190763977,0.1532454041161793,0.7684672719991908,0.2501656809737084,0.3092952540500855,0.8109188086818359,0.4381269358859656,0.5987644965420107,0.8762390806647128,0.7030930959275766,0.08409378058267584
C_grid,-1,0.5,23.666666666666668,606924.7435897436,303462.3076923077,303462.3076923077,59403.743589743586,1.059953594719892,0.12746559293434545,0.5937095938271187,0.09835632837416064,0.8952757438631894,0.17467963433298656,0.20602586305637635,0.9127109625895128,0.32927345415719583,0.4611939352962773,0.9416254258231935,0.607802175348809,0.055327256901482005
C_grid,-1,1.0,23.666666666666668,606924.7435897436,606924.7435897436,606924.7435897436,59403.743589743586,1.389738070420885,0.04909722325338241,0.7194176468371337,0.05842768519456261,0.9999996209920382,0.10953771130635982,0.125466391249453,1.0,0.22015146363986945,0.31777903858643153,1.0,0.47280181225734763,0.032661438072536415
C_grid,1,0.02,1.0,409582.8205128205,8191.282051282052,8191.282051282052,14955.076923076924,0.29140011572532987,0.5215035303519795,0.4064518230386547,0.43317424723319164,0.44580910947549357,0.4168008036668532,0.6590056171454253,0.5782677835760486,0.6013665214624291,0.8334557594046416,0.7320965954787442,0.7733725731599562,0.11609286017055588
C_grid,1,0.05,1.0,409582.8205128205,20478.897435897437,20478.897435897437,14955.076923076924,0.3562107351367704,0.3284812942530656,0.342346014694918,0.3089830483550518,0.5921222697588832,0.3884237181803359,0.5474391320515947,0.695333693116763,0.5982050786980726,0.7869369478936681,0.8188781549858225,0.7963103924266084,0.11451214024857478
C_grid,1,0.1,1.0,409582.8205128205,40958.05128205128,40958.05128205128,14955.076923076924,0.47143466102319254,0.23901097848332567,0.3552228197532591,0.2211388599041766,0.6826831705316838,0.3205316658765948,0.4379255791495835,0.7683424677348699,0.5420447486597416,0.7134492156374838,0.8774960085285927,0.7789482105963721,0.09262676132603147
C_grid,1,0.25,1.0,409582.8205128205,102395.58974358975,102395.58974358975,14955.076923076924,0.6856375575647223,0.17155074610048496,0.4285941518326037,0.13377298347684854,0.7996539627362511,0.221777178707558,0.30237108479768177,0.8562339462579053,0.43213097488325264,0.5964495069392123,0.9262673386631326,0.712539101348257,0.05906358776501172
C_grid,1,0.5,1.0,409582.8205128205,204791.35897435897,204791.35897435897,14955.076923076924,0.7877192067868752,0.10886988618903697,0.4482945464879561,0.09075407465882106,0.9064632825503285,0.16100313284205864,0.22433327813598689,0.9315858689832169,0.34948115020582926,0.5235251803994715,0.9596732654465109,0.6614705945330829,0.0397703656277979
C_grid,1,1.0,1.0,409582.8205128205,409582.8205128205,409582.8205128205,14955.076923076924,0.9602559708138896,0.04843902497088115,0.5043474978923853,0.0566963871233146,1.0,0.1057090740311203,0.14793836758072154,1.0,0.2515969137765267,0.41081655464566313,1.0,0.5657679357995524,0.02427415847677319
C_grid,2,0.02,2.0,503260.0512820513,10064.794871794871,10064.794871794871,24069.0,0.25910441024433933,0.5051042471733002,0.3821043287088198,0.47975539528678607,0.43054087519526246,0.43091256800533034,0.7108545250678469,0.5600887971701071,0.610634609283767,0.8580789449956274,0.7263493075821988,0.7792582335974872,0.13305515758279368
C_grid,2,0.05,2.0,503260.0512820513,25162.666666666668,25162.666666666668,24069.0,0.3323046920689018,0.30822350422461803,0.3202640981467599,0.3474340852906178,0.6001108718913617,0.4189149457387303,0.5938742359565907,0.7072129842748843,0.6290471043759632,0.8162290501561894,0.8335544322210146,0.8174298644547144,0.13621650996882498
C_grid,2,0.1,2.0,503260.0512820513,50325.717948717946,50325.717948717946,24069.0,0.4547502193509645,0.20788636132135493,0.33131829033615967,0.24971149559641398,0.7087404587997415,0.3539633477616185,0.47624658367417894,0.794111626893527,0.5783416888603334,0.7494827558988544,0.8964514786202006,0.8068639407679867,0.11176675996539205
C_grid,2,0.25,2.0,503260.0512820513,125814.8717948718,125814.8717948718,24069.0,0.7457496687911664,0.1391820246620233,0.44246584672659484,0.14804536498966,0.8332030714256865,0.24383816702889,0.31797760208767645,0.8859843992495061,0.453708656091964,0.6076074199880027,0.9439211475585967,0.7240586300209297,0.07082148024206829
C_grid,2,0.5,2.0,503260.0512820513,251629.97435897434,251629.97435897434,24069.0,0.9523047950584485,0.09348814204270468,0.5228964685505765,0.09689302146315756,0.9274278084879376,0.1714557093962941,0.22375357523610306,0.947831963239862,0.3506461951228319,0.5028397304083817,0.970289406217077,0.6449330325258865,0.04641999690631243
C_grid,2,1.0,2.0,503260.0512820513,503260.0512820513,503260.0512820513,24069.0,1.1264373588895467,0.04847472878238882,0.5874560438359677,0.05859858009226013,1.0,0.10911515986216568,0.14274982906306347,1.0,0.24426208387030593,0.3818910897846157,1.0,0.5368938814008208,0.027387634605702784
C_grid,4,0.02,4.0,545126.9230769231,10902.102564102564,10902.102564102564,34478.53846153846,0.2461417886111662,0.6666425964157282,0.45639219251344715,0.5071731922647111,0.3915180728152753,0.4225463344969408,0.7415647831249657,0.49495883005584246,0.5811470972563293,0.8701086588873358,0.6472806733661773,0.7352357402130613,0.13739092381610415
C_grid,4,0.05,4.0,545126.9230769231,27255.94871794872,27255.94871794872,34478.53846153846,0.3039108408170888,0.3862573673056898,0.3450841040613893,0.3635517013192601,0.5670523194941557,0.4225919867278491,0.6183994897002927,0.6570015399350537,0.6219643778948422,0.8331906748110817,0.7789917237086658,0.7992552953156412,0.14509328833633756
C_grid,4,0.1,4.0,545126.9230769231,54512.35897435898,54512.35897435898,34478.53846153846,0.4090774291738816,0.2532298926420403,0.33115366090796095,0.2593511574339244,0.6868994858430241,0.36143364998870425,0.48594888118017293,0.7631592558582294,0.578046491205902,0.7605237394255029,0.8664335060241086,0.8035285341492354,0.12121332642037885
C_grid,4,0.25,4.0,545126.9230769231,136281.5641025641,136281.5641025641,34478.53846153846,0.69617718345147,0.15691271729478076,0.4265449503731254,0.15608899185993283,0.8317896882790787,0.25569895899150025,0.3246678603996263,0.8758758320704825,0.4606696532021041,0.6178274302894362,0.9311473185162075,0.7307768464229304,0.0791280805983012
C_grid,4,0.5,4.0,545126.9230769231,272563.41025641025,272563.41025641025,34478.53846153846,0.9873245548189431,0.10187166579733566,0.5445981103081393,0.10085698813499569,0.9268920746735552,0.17832664925078776,0.22249267227201266,0.9430437483349899,0.350213893356032,0.4930751254974538,0.9634343104363092,0.6376435297759283,0.05172541319337748
C_grid,4,1.0,4.0,545126.9230769231,545126.9230769231,545126.9230769231,34478.53846153846,1.2045975014927055,0.048612917297380195,0.6266052093950429,0.060373135698279776,1.0,0.1126175676491652,0.13978026159406345,1.0,0.2413166986277949,0.36514659085156165,1.0,0.5231628986634763,0.030176882987508674
C_grid,8,0.02,8.0,577330.2564102564,11546.205128205129,11546.205128205129,44439.41025641026,0.24589218179412625,0.8337968776541345,0.5398445297241304,0.5006794567145303,0.3455150982694693,0.39207454701896205,0.7440651206597648,0.427805014004702,0.5335505362854052,0.8717518899635428,0.5657392066039615,0.6807306179306318,0.13253901296469006
C_grid,8,0.05,8.0,577330.2564102564,28866.076923076922,28866.076923076922,44439.41025641026,0.30114773657165345,0.47853812966603587,0.38984293311884466,0.35707901876732495,0.5129210992878378,0.4029891457758447,0.6120501728726302,0.5942289502427676,0.5892659427266299,0.8357003394795769,0.7216765279432945,0.769271156370439,0.14345546367783094
C_grid,8,0.1,8.0,577330.2564102564,57732.717948717946,57732.717948717946,44439.41025641026,0.41013363599682345,0.3099038071066067,0.3600187215517151,0.2559982104778212,0.6423951041902254,0.3526638140993724,0.48069295665937606,0.7161341507095305,0.5607959056633826,0.760258786563496,0.827239363107247,0.7870932641802737,0.1227555475064668
C_grid,8,0.25,8.0,577330.2564102564,144332.33333333334,144332.33333333334,44439.41025641026,0.701379871533372,0.1832524995072316,0.44231618552030183,0.15575426229383726,0.8098850079174819,0.2549691437340453,0.31911602443291504,0.8525067696114126,0.45280448238100374,0.6131119075868221,0.9121582827225694,0.7224712266051151,0.08215865827019264
C_grid,8,0.5,8.0,577330.2564102564,288665.0512820513,288665.0512820513,44439.41025641026,1.0095043146819753,0.10941088259167234,0.5594575986368238,0.10018057444028007,0.9184432594992122,0.17767174547956197,0.2146589945475497,0.9337686851451551,0.3412079060531627,0.47876876438466953,0.9567706204166271,0.6256322360481649,0.05364385208413424
C_grid,8,1.0,8.0,577330.2564102564,577330.2564102564,577330.2564102564,44439.41025641026,1.2810217542585327,0.0485214269671967,0.6647715906128647,0.05934033132980241,1.0,0.11105903860868274,0.13201699054582075,1.0,0.23028391231626452,0.3394250816227825,1.0,0.49744570331755467,0.03121512213949934
C_grid,16,0.02,15.692307692307692,596788.3333333334,11935.410256410256,11935.410256410256,54121.41025641026,0.24444191820555636,0.9748169786590162,0.6096294484322862,0.4995158034091409,0.30672467102512707,0.36651334173765526,0.7431403373523056,0.37725028800331045,0.4926830746592813,0.8735380231918041,0.5052410921418896,0.6356136787161252,0.12780709498474385
C_grid,16,0.05,15.692307692307692,596788.3333333334,29839.076923076922,29839.076923076922,54121.41025641026,0.30230110906455704,0.5716837432453681,0.4369924261549625,0.35279501751265013,0.4664917246110674,0.38631736780968406,0.6060805620791254,0.5397624305393024,0.5595371191872014,0.8352074808350745,0.6692070664768076,0.7381424335761844,0.14007032706626818
C_grid,16,0.1,15.692307692307692,596788.3333333334,59678.51282051282,59678.51282051282,54121.41025641026,0.4047310401451586,0.37186619957015105,0.3882986198576548,0.2536626476203958,0.6006768059516443,0.34493256009881296,0.47530852862080225,0.6730026735331736,0.5448709355257721,0.758338881724335,0.789377613216394,0.7693351277356326,0.1223448969158214
C_grid,16,0.25,15.692307692307692,596788.3333333334,149196.97435897434,149196.97435897434,54121.41025641026,0.6973182073039496,0.22138936174950985,0.45935378452672976,0.15558764852586782,0.7816167069697005,0.2538801311925766,0.3150602951811271,0.8239787823315439,0.4457209927630234,0.6071996500697843,0.8881326928036302,0.7125332141002306,0.08357193651240642
C_grid,16,0.5,15.692307692307692,596788.3333333334,298394.1282051282,298394.1282051282,54121.41025641026,1.0180429592980698,0.12199590375660034,0.570019431527335,0.09975544968416886,0.9024713217453728,0.17702031619802727,0.21007160504644587,0.9195039078262653,0.3350578907956866,0.4692771733562849,0.9463239353224758,0.6162402826209991,0.05489831447812312
C_grid,16,1.0,15.692307692307692,596788.3333333334,596788.3333333334,596788.3333333334,54121.41025641026,1.3194626011804367,0.048649812290785015,0.684056206735611,0.05944891804546271,1.0,0.1113693351827348,0.1288538005581638,1.0,0.22561179307216428,0.3277253735721205,1.0,0.4848991503756555,0.032380344468429016
C_on_B,-1,0.02,23.666666666666668,76630.28205128205,1532.076923076923,1532.076923076923,59403.743589743586,0.19368618545266952,2.039499995191892,1.1165930903222807,0.8263490857714547,0.07333268862424482,0.13442808761646066,0.8718983964160251,0.09451926510326428,0.17016401191965608,0.8859500812450042,0.1611088374977043,0.2719966342227823,0.044363849442963184
C_on_B,-1,0.05,23.666666666666668,76630.28205128205,3831.076923076923,3831.076923076923,59403.743589743586,0.2359069411445298,1.607425193794738,0.9216660674696338,0.7044278851786894,0.13728860363207832,0.22913854489679372,0.8161176463887434,0.17853432816813916,0.29249817809475875,0.8590835227577878,0.2810997828579422,0.42262741324775366,0.07844334592645658
C_on_B,-1,0.1,23.666666666666668,76630.28205128205,7662.589743589743,7662.589743589743,59403.743589743586,0.25207776438365537,1.2603819768499207,0.756229870616788,0.5934674165062647,0.21804631007223138,0.31732676478569377,0.765374587689314,0.2775606016952706,0.4064036452497876,0.8584211815413252,0.40304515804381946,0.5464533286984962,0.11194340149478176
C_on_B,-1,0.25,23.666666666666668,76630.28205128205,19157.20512820513,19157.20512820513,59403.743589743586,0.2802588987414321,0.8390639887310568,0.5596614437362445,0.4476190270035629,0.36144081359499214,0.3959762004856101,0.662327288481509,0.43450130881549553,0.5226359344945979,0.8484929738411244,0.5584878219977406,0.671790319116261,0.1450294586662236
C_on_B,-1,0.5,23.666666666666668,76630.28205128205,38314.94871794872,38314.94871794872,59403.743589743586,0.3441068124455714,0.5054004921651367,0.42475365230535406,0.3286955138248193,0.49376355272316386,0.39069992792906977,0.5373346554591812,0.5789304575319992,0.5542976227336955,0.7977581881244741,0.7156763048162179,0.7530898075347167,0.1397585002084316
C_on_B,-1,1.0,23.666666666666668,76630.28205128205,76630.28205128205,76630.28205128205,59403.743589743586,0.5269640586618275,0.24423906558829026,0.38560156212505886,0.2182640206426173,0.6510024122552319,0.32435470132533567,0.38283112750912723,0.7675174054421107,0.5076551182881484,0.6707532629135605,0.8712964625625946,0.7554335601641676,0.10811648191437537
C_on_B,1,0.02,1.0,9813.153846153846,195.71794871794873,195.71794871794873,14955.076923076924,0.11549798443331988,1.6648504745459514,0.8901742294896356,0.9070184671106096,0.06676489786735013,0.12412980525349522,0.9244977773423967,0.1015666928657399,0.18248192297939844,0.9406415978061691,0.18795209577461608,0.31184029553630416,0.017747808119476804
C_on_B,1,0.05,1.0,9813.153846153846,490.20512820512823,490.20512820512823,14955.076923076924,0.18087333884226028,1.406441661878868,0.793657500360564,0.8204793414591507,0.11532982695374237,0.20144381026138009,0.8461093237086639,0.15450686473030947,0.2601859261363078,0.8805926668289873,0.2642778376544324,0.4047130262708865,0.03889660644560517
C_on_B,1,0.1,1.0,9813.153846153846,980.8974358974359,980.8974358974359,14955.076923076924,0.2128289804696984,1.0832790228565723,0.6480540016631353,0.7297574672810797,0.18237635756879908,0.2899298918600273,0.8016173413983642,0.2641391519154494,0.39512707675285036,0.8653709807781929,0.4314123589352902,0.5737828807273764,0.0619987941755809
C_on_B,1,0.25,1.0,9813.153846153846,2452.923076923077,2452.923076923077,14955.076923076924,0.24146170478304382,0.7065575737581813,0.47400963927061257,0.5478987616578542,0.28886669463183523,0.37536585609243217,0.7078549840546133,0.43779611154830417,0.5386231586624073,0.8679094709077978,0.6451279093596407,0.7369846598050765,0.09173268726605964
C_on_B,1,0.5,1.0,9813.153846153846,4906.307692307692,4906.307692307692,14955.076923076924,0.30420654016996646,0.47410399787039453,0.3891552690201805,0.43963042488379184,0.3824939555113871,0.4056754149495435,0.6147618312381828,0.5524508151196265,0.5786219850795552,0.8179298309178886,0.7559041953254442,0.7829340237781134,0.11384224995242484
C_on_B,1,1.0,1.0,9813.153846153846,9813.153846153846,9813.153846153846,14955.076923076924,0.3976212368739396,0.3027498904912686,0.35018556368260406,0.32430353851024485,0.4694841918550891,0.3804701219436487,0.5009183138229476,0.648074729994925,0.561717684362239,0.7559645839089304,0.8497599077498476,0.7974569752091331,0.11479495879008204
C_on_B,2,0.02,2.0,16527.97435897436,330.1025641025641,330.1025641025641,24069.0,0.12342898280094744,1.5276974978634192,0.8255632403321834,0.8544745142543257,0.06385178929720126,0.11859475774715793,0.9016349942837365,0.10541167241795872,0.18831072592492173,0.9370560914436785,0.21117572292271833,0.34338748106381056,0.018835849162947955
C_on_B,2,0.05,2.0,16527.97435897436,825.9487179487179,825.9487179487179,24069.0,0.16660999585075364,1.2253736054724667,0.6959918006616101,0.7905352399175317,0.1185558241657186,0.20538292885518108,0.850319273648059,0.17449103733444388,0.28854708506723825,0.89819806291139,0.31627582831018825,0.46659675256281347,0.041747088503647674
C_on_B,2,0.1,2.0,16527.97435897436,1652.3589743589744,1652.3589743589744,24069.0,0.19710536741645668,0.9588008628594943,0.5779531151379754,0.7139096368856418,0.19001137234040547,0.29829704936437995,0.8094867289267405,0.27624146189970616,0.40977054757801834,0.8783308827315448,0.4555032654342679,0.5976642226375574,0.07004273539540054
C_on_B,2,0.25,2.0,16527.97435897436,4131.51282051282,4131.51282051282,24069.0,0.2314513714768251,0.6235780023445147,0.4275146869106699,0.5756466860857017,0.3189535533278148,0.40746996476948194,0.7389363619032018,0.45942437718374035,0.5634188154164675,0.8704828658381424,0.6640043501579063,0.7502960068294947,0.11275670364029057
C_on_B,2,0.5,2.0,16527.97435897436,8263.692307692309,8263.692307692309,24069.0,0.284361417565647,0.39635288138033875,0.3403571494729929,0.4557920873376308,0.4288037802330598,0.43851722724774006,0.6410286376656911,0.598140651296207,0.6154498390514724,0.837007329835118,0.7918322596193025,0.8111988468118211,0.13496745685734354
C_on_B,2,1.0,2.0,16527.97435897436,16527.97435897436,16527.97435897436,24069.0,0.4288826873943247,0.2378372119694418,0.3333599496818832,0.3210301522620089,0.5248984975621489,0.39573555822104567,0.49986317877441905,0.7156504551913832,0.5855593453953741,0.751579459067892,0.8934126174460693,0.8130951442656892,0.12578865259041805
C_on_B,4,0.02,4.0,29343.02564102564,586.3333333333334,586.3333333333334,34478.53846153846,0.12932607766753498,1.7111677783235772,0.9202469279955562,0.9058124946974186,0.07150536060954357,0.13227999107856486,0.9259674431349958,0.1028220932230348,0.18451521096619977,0.9333239151012742,0.18951560393066438,0.313549715273848,0.02806366017963376
C_on_B,4,0.05,4.0,29343.02564102564,1466.6923076923076,1466.6923076923076,34478.53846153846,0.19256667728841,1.3628834607664213,0.7777250690274158,0.8126123622734992,0.13172606522876493,0.22615246723613966,0.8579757429155879,0.18122285780944325,0.29848075068461877,0.8817879414338459,0.3038936609466094,0.45102291472600653,0.05639939760414336
C_on_B,4,0.1,4.0,29343.02564102564,2933.871794871795,2933.871794871795,34478.53846153846,0.21885173080794706,1.0671381666222663,0.6429949487151067,0.7246813025709914,0.2100558101642719,0.3247942762948715,0.8189146411047543,0.2839573559471811,0.4204138583198198,0.8699521150619742,0.4438366041691938,0.5843805383283949,0.09051960840345073
C_on_B,4,0.25,4.0,29343.02564102564,7335.358974358975,7335.358974358975,34478.53846153846,0.24557855320502497,0.6827949625316896,0.46418675786835734,0.5722924723110269,0.35747744715807855,0.43806992484597845,0.738455895494753,0.4705609642016036,0.5720636703370638,0.8640120695629904,0.6395658360655537,0.7313292769405951,0.1392222025523299
C_on_B,4,0.5,4.0,29343.02564102564,14671.333333333334,14671.333333333334,34478.53846153846,0.28395008743197847,0.4123317002703,0.3481408938511392,0.4375731746141072,0.48920472080561894,0.459570415879305,0.6348658939757529,0.6241922003719605,0.6267989852054322,0.840546859149447,0.7782380573129147,0.806149529083919,0.15337498487023127
C_on_B,4,1.0,4.0,29343.02564102564,29343.02564102564,29343.02564102564,34478.53846153846,0.44034527736626916,0.22360479240409914,0.33197503488518415,0.29197868508421976,0.603451148732942,0.3917541857194707,0.4687753629994199,0.7689070802470974,0.5796817019186555,0.7362109547655048,0.9024748033979987,0.8080025947587084,0.12864508325023832
C_on_B,8,0.02,8.0,45334.64102564102,906.2051282051282,906.2051282051282,44439.41025641026,0.16077137930548774,1.884372095190215,1.0225717372478513,0.8732572934163685,0.07162043197980163,0.1321662648057197,0.8977685470922017,0.09524972287229842,0.1718572236843369,0.9076342504132032,0.16857370007491626,0.2834956071510676,0.03572885182565472
C_on_B,8,0.05,8.0,45334.64102564102,2266.2820512820513,2266.2820512820513,44439.41025641026,0.21943804990237795,1.4959426169434895,0.8576903334229338,0.7737294633629076,0.13352151992993486,0.22730272991142178,0.8379945778347986,0.17573125969099576,0.28997584431669887,0.865859065157293,0.28386512670823505,0.42670115538296616,0.06727792859190454
C_on_B,8,0.1,8.0,45334.64102564102,4533.0,4533.0,44439.41025641026,0.24092603319915618,1.168364766155858,0.7046453996775072,0.6698288584206894,0.21265843024249223,0.32222348191735944,0.7938363396513898,0.27792374603541836,0.41082984162494796,0.8577570464797258,0.42041684507136606,0.5614037635723486,0.10166263447976334
C_on_B,8,0.25,8.0,45334.64102564102,11333.23076923077,11333.23076923077,44439.41025641026,0.2595410064996456,0.7640437317959413,0.5117923691477936,0.5180304894516679,0.3606806567999102,0.4231307251200664,0.7104971910228521,0.4510256701949183,0.5495588328134934,0.8584999696638786,0.5955107869286109,0.7001883854881422,0.14546796749075486
C_on_B,8,0.5,8.0,45334.64102564102,22667.05128205128,22667.05128205128,44439.41025641026,0.3006161838988349,0.4599001149194659,0.3802581494091504,0.3907889367846072,0.49793159365101514,0.4352464643025063,0.5997279676848737,0.6028041378881486,0.5985404128362329,0.8290330529023023,0.7451239759217407,0.7831419217125573,0.15158104450979798
C_on_B,8,1.0,8.0,45334.64102564102,45334.64102564102,45334.64102564102,44439.41025641026,0.4683501175931727,0.22727229325395826,0.3478112054235655,0.25921010234664404,0.6368272568189732,0.36667804036719015,0.43410761960864164,0.779908664658511,0.5550274432490494,0.7135581413438841,0.8932427254191956,0.7909170301150598,0.12159250568810648
C_on_B,16,0.02,15.692307692307692,63971.333333333336,1278.923076923077,1278.923076923077,54121.41025641026,0.1797318710436698,1.9955349569658387,1.0876334140047543,0.84771994809716,0.07271899251440714,0.13372902583513793,0.883145532099523,0.09431983586525262,0.17010614193936707,0.8956977532572882,0.1624505748229561,0.27436706792699045,0.04160147985314525
C_on_B,16,0.05,15.692307692307692,63971.333333333336,3198.1794871794873,3198.1794871794873,54121.41025641026,0.2318126291719833,1.5712426163795017,0.9015276227757425,0.7325393744407334,0.136801046860718,0.23010765560897165,0.8239825052399755,0.17680336605838004,0.2906865050787307,0.8613508493764658,0.2813000405941297,0.4231616593969453,0.07576644404775204
C_on_B,16,0.1,15.692307692307692,63971.333333333336,6396.717948717948,6396.717948717948,54121.41025641026,0.2506274354840033,1.2276502059926504,0.7391388207383269,0.6197538848716412,0.2161181738617759,0.31966137914802906,0.7745415871697148,0.27786083775056586,0.4081872870715179,0.8569462336423825,0.40830784724285063,0.550853738523935,0.1095890596449425
C_on_B,16,0.25,15.692307692307692,63971.333333333336,15992.51282051282,15992.51282051282,54121.41025641026,0.27274811684387995,0.8146469440744696,0.5436975304591748,0.46877899207834717,0.3613326803619624,0.40552088186440355,0.6779720538500349,0.4394180081392601,0.531326437067306,0.8518036205222941,0.5688614140742175,0.6799190589804766,0.14574632569010773
C_on_B,16,0.5,15.692307692307692,63971.333333333336,31985.46153846154,31985.46153846154,54121.41025641026,0.327317362176676,0.4893929299706339,0.4083551460736549,0.3474673538411622,0.4965407487593924,0.40605055054945655,0.5579790624403117,0.5863169604389458,0.5692654198202417,0.8100166737553117,0.7265831623303348,0.764605771338423,0.1444230031230163
C_on_B,16,1.0,15.692307692307692,63971.333333333336,63971.333333333336,63971.333333333336,54121.41025641026,0.5046854858903119,0.2377713522244543,0.371228419057383,0.2309676089427788,0.6511644372349423,0.3391126192619163,0.3997177403828343,0.774440400662388,0.5244984349570897,0.6860407126527598,0.8803026765128138,0.7687832702424419,0.11299787890435646
oracle,-1,0.02,23.666666666666668,76630.28205128205,1532.076923076923,1532.076923076923,59403.743589743586,0.0191929174117454,0.45220395370168176,0.23569843555671355,1.0,0.24556549832177274,0.39268119168255117,1.0,0.47804657796204947,0.645463682005517,1.0,0.7525088217392626,0.8556569102537602,0.07829848277418544
oracle,-1,0.05,23.666666666666668,76630.28205128205,3831.076923076923,3831.076923076923,59403.743589743586,0.026386825670667007,0.3752370586571568,0.2008119421639119,1.0,0.43623405487351546,0.6057350652563276,1.0,0.6241634587712731,0.7666447912498592,1.0,0.7976872716441579,0.8842140537231924,0.18815763490759624
oracle,-1,0.1,23.666666666666668,76630.28205128205,7662.589743589743,7662.589743589743,59403.743589743586,0.035468573818935006,0.3280907713387645,0.18177967257884978,0.9978696951540963,0.5773617047675749,0.7294625578527566,1.0,0.6974989271118571,0.8190334715501962,1.0,0.818609936830231,0.8970179917828821,0.3263262529867517
oracle,-1,0.25,23.666666666666668,76630.28205128205,19157.20512820513,19157.20512820513,59403.743589743586,0.06959303231951319,0.2815700125213708,0.17558152242044203,0.8133732816866853,0.6488523352512183,0.7173655527165425,0.9825022600698,0.7498993442702905,0.8484419630374657,1.0,0.8463043854232998,0.9135497506692395,0.31732006499176474
oracle,-1,0.5,23.666666666666668,76630.28205128205,38314.94871794872,38314.94871794872,59403.743589743586,0.14790052645619023,0.255667387293761,0.20178395687497558,0.43653069906070313,0.6510024122552319,0.517317912100103,0.753002317386996,0.7673374364865543,0.755721600728834,0.9829226359310204,0.8657170957878648,0.9187561828200932,0.19352382722757683
oracle,-1,1.0,23.666666666666668,76630.28205128205,76630.28205128205,76630.28205128205,59403.743589743586,0.5269640586618274,0.24423906558829026,0.38560156212505886,0.2182640206426173,0.6510024122552319,0.32435470132533567,0.38283112750912723,0.7675174054421107,0.5076551182881484,0.6707532629135605,0.8712964625625946,0.7554335601641676,0.10811648191437537
oracle,1,0.02,1.0,9813.153846153846,195.71794871794873,195.71794871794873,14955.076923076924,0.012462658969859533,0.6931763178387285,0.35281948840429406,1.0,0.07619164698768276,0.1410757677658476,1.0,0.19829367932720862,0.3295882810983247,1.0,0.5089467378829876,0.6724509038020425,0.023275558223416266
oracle,1,0.05,1.0,9813.153846153846,490.20512820512823,490.20512820512823,14955.076923076924,0.020700497535881966,0.5732136118751046,0.2969570547054932,1.0,0.17369715619437093,0.29481644394817447,1.0,0.33840850530693606,0.5042549918016876,1.0,0.6268584703391602,0.768884514457817,0.055455520803746196
oracle,1,0.1,1.0,9813.153846153846,980.8974358974359,980.8974358974359,14955.076923076924,0.02819462564410645,0.5035250525532435,0.26585983909867505,1.0,0.28421358966775057,0.4412934054769835,1.0,0.4419853790397957,0.6118088938821906,1.0,0.6869735275345533,0.8129578081529925,0.10708879633463561
oracle,1,0.25,1.0,9813.153846153846,2452.923076923077,2452.923076923077,14955.076923076924,0.04692166557583835,0.4183944215749831,0.2326580435754107,0.9677338772719739,0.43269343227298834,0.596328498702232,1.0,0.5616254867470101,0.7177762424249232,1.0,0.7508561600760355,0.856390880038071,0.18996632744082287
oracle,1,0.5,1.0,9813.153846153846,4906.307692307692,4906.307692307692,14955.076923076924,0.09548389268692978,0.34225344004098385,0.21886866636395683,0.6486429469898441,0.4694841918550891,0.5400896872941942,0.9039012261960622,0.637433120221165,0.7452310803456919,1.0,0.8172040536436386,0.8980530977418197,0.16611663536520507
oracle,1,1.0,1.0,9813.153846153846,9813.153846153846,9813.153846153846,14955.076923076924,0.3976212368739396,0.3027498904912686,0.35018556368260406,0.32430353851024485,0.4694841918550891,0.3804701219436487,0.5009183138229476,0.648074729994925,0.561717684362239,0.7559645839089304,0.8497599077498476,0.7974569752091331,0.11479495879008204
oracle,2,0.02,2.0,16527.97435897436,330.1025641025641,330.1025641025641,24069.0,0.01364325026069371,0.5576560414718491,0.28564964586627145,1.0,0.09854575852489372,0.17898146067874116,1.0,0.2582064078422385,0.40937534262864106,1.0,0.6171409079307804,0.7618057421630464,0.028365157306504137
oracle,2,0.05,2.0,16527.97435897436,825.9487179487179,825.9487179487179,24069.0,0.02115997241393087,0.45742591049064213,0.23929294145228647,1.0,0.2116661282891064,0.3485708986649742,1.0,0.41180625850375224,0.5822117398459118,1.0,0.7169479064839231,0.8338762921547173,0.06826472479417353
oracle,2,0.1,2.0,16527.97435897436,1652.3589743589744,1652.3589743589744,24069.0,0.028311724154602542,0.39557792275806053,0.21194482345633153,1.0,0.3327881236197737,0.49815423189294405,1.0,0.5178246624719982,0.6809467549032221,1.0,0.7662006995398217,0.8665737616065564,0.13085840524318357
oracle,2,0.25,2.0,16527.97435897436,4131.51282051282,4131.51282051282,24069.0,0.047129909705065524,0.3203570036628654,0.18374345668396547,0.9680247429004604,0.4881397033459963,0.6470766288554106,1.0,0.6367294381798201,0.7766898249166891,1.0,0.8225827001245063,0.9016922655447479,0.22750905125664422
oracle,2,0.5,2.0,16527.97435897436,8263.692307692309,8263.692307692309,24069.0,0.09744732512219942,0.26519836055700285,0.18132284283960112,0.6420845193635081,0.5248984975621489,0.5734370478531267,0.9058985342139619,0.7073760725214406,0.7921073617272731,0.9965422145007716,0.8705142814821304,0.928575108269849,0.19009185752875793
oracle,2,1.0,2.0,16527.97435897436,16527.97435897436,16527.97435897436,24069.0,0.4288826873943247,0.2378372119694418,0.3333599496818832,0.3210301522620089,0.5248984975621489,0.39573555822104567,0.49986317877441905,0.7156504551913832,0.5855593453953741,0.751579459067892,0.8934126174460693,0.8130951442656892,0.12578865259041805
oracle,4,0.02,4.0,29343.02564102564,586.3333333333334,586.3333333333334,34478.53846153846,0.01541708501324439,0.4767010516589571,0.24605906833610072,1.0,0.14841567657530158,0.25772969699657744,1.0,0.3616584471932948,0.5303270533934921,1.0,0.7155709983354022,0.8330040835803626,0.040576352136291904
oracle,4,0.05,4.0,29343.02564102564,1466.6923076923076,1466.6923076923076,34478.53846153846,0.022511584062663664,0.3900111750746315,0.2062613795686476,1.0,0.2983128875544666,0.45858664186629594,1.0,0.5300481284788351,0.6918853866786838,1.0,0.7893467034091951,0.8810408094630672,0.0974977940938945
oracle,4,0.1,4.0,29343.02564102564,2933.871794871795,2933.871794871795,34478.53846153846,0.02961472462131334,0.33838737301608757,0.18400104881870044,1.0,0.445084808567306,0.6148239984401626,1.0,0.6305779473831412,0.7722949757276881,1.0,0.8184571653194709,0.8990103064741917,0.1815265464834993
oracle,4,0.25,4.0,29343.02564102564,7335.358974358975,7335.358974358975,34478.53846153846,0.05020478025986227,0.279518336339707,0.16486155829978463,0.951509569634367,0.5848694172518506,0.7230467454505666,1.0,0.7207725177484104,0.8365272537692252,1.0,0.8562752790016469,0.921531385052709,0.2826784568968829
oracle,4,0.5,4.0,29343.02564102564,14671.333333333334,14671.333333333334,34478.53846153846,0.10635919152930633,0.24060454489743782,0.17348186821337205,0.5839642740648304,0.603451148732942,0.5904230015546199,0.8808813645703187,0.7662603475724353,0.8172599810851157,0.9991030945305298,0.8889535357125252,0.9397857407182811,0.20868380311272355
oracle,4,1.0,4.0,29343.02564102564,29343.02564102564,29343.02564102564,34478.53846153846,0.44034527736626916,0.22360479240409914,0.33197503488518415,0.29197868508421976,0.603451148732942,0.3917541857194707,0.4687753629994199,0.7689070802470974,0.5796817019186555,0.7362109547655048,0.9024748033979987,0.8080025947587084,0.12864508325023832
oracle,8,0.02,8.0,45334.64102564102,906.2051282051282,906.2051282051282,44439.41025641026,0.016987491347088296,0.4556822799865573,0.23633488566682276,1.0,0.19355584818474675,0.32355949790780736,1.0,0.4306557325970268,0.6011698104921714,1.0,0.7478792001523865,0.8539689271211477,0.05447683951814987
oracle,8,0.05,8.0,45334.64102564102,2266.2820512820513,2266.2820512820513,44439.41025641026,0.023959163771304023,0.3752987303034177,0.1996289470373609,1.0,0.36622958609395556,0.5352663969140422,1.0,0.5912603759990086,0.7420378868394579,1.0,0.8046047883145077,0.889951077864089,0.13098290967025247
oracle,8,0.1,8.0,45334.64102564102,4533.0,4533.0,44439.41025641026,0.03153514878704273,0.3276985782420939,0.17961686351456832,1.0,0.5177825955212163,0.6814075123485023,1.0,0.6778617246586517,0.8065048175630484,1.0,0.8269137416942755,0.903601551025395,0.24053097163293558
oracle,8,0.25,8.0,45334.64102564102,11333.23076923077,11333.23076923077,44439.41025641026,0.05689464702066525,0.2733189455771527,0.16510679629890898,0.9034926625203777,0.6291723933847106,0.740107387569153,1.0,0.7494632203326469,0.855087374283992,1.0,0.8588318081338215,0.9224059827342441,0.3111800647428611
oracle,8,0.5,8.0,45334.64102564102,22667.05128205128,22667.05128205128,44439.41025641026,0.12123175790925449,0.24120574999850733,0.18121875395388093,0.5184269985789183,0.6368272568189732,0.5682140831048057,0.8362331493725603,0.7789073614702209,0.8037543050887107,0.9968708684042803,0.8839550714365735,0.9354546815480103,0.207432176855567
oracle,8,1.0,8.0,45334.64102564102,45334.64102564102,45334.64102564102,44439.41025641026,0.4683501175931727,0.22727229325395826,0.3478112054235655,0.25921010234664404,0.6368272568189732,0.36667804036719015,0.43410761960864164,0.779908664658511,0.5550274432490494,0.7135581413438841,0.8932427254191956,0.7909170301150598,0.12159250568810648
oracle,16,0.02,15.692307692307692,63971.333333333336,1278.923076923077,1278.923076923077,54121.41025641026,0.018507608244839272,0.44780075862004337,0.23315418343244132,1.0,0.23018855745339073,0.3733300115417045,1.0,0.46939205018339564,0.6379442464506556,1.0,0.7577959933933629,0.8598055927674986,0.06970666303733458
oracle,16,0.05,15.692307692307692,63971.333333333336,3198.1794871794873,3198.1794871794873,54121.41025641026,0.025539656576406434,0.3707705246354517,0.19815509060592904,1.0,0.4177463603374444,0.5883128564316089,1.0,0.6204840339722614,0.7643477722879122,1.0,0.8047402028794315,0.8893455482852803,0.16765273401691352
oracle,16,0.1,15.692307692307692,63971.333333333336,6396.717948717948,6396.717948717948,54121.41025641026,0.03389457477622082,0.3231971375525134,0.1785458561643671,1.0,0.5660286094659328,0.7215590676801421,1.0,0.6979864183233386,0.8199920179414221,1.0,0.8248084281594436,0.90154645321283,0.2999147210816304
oracle,16,0.25,15.692307692307692,63971.333333333336,15992.51282051282,15992.51282051282,54121.41025641026,0.06456134770591493,0.27696535858494986,0.1707633531454324,0.8483661731425212,0.6483463129817599,0.7324266949198717,0.9943320963878451,0.7539042775495564,0.8553729198051022,1.0,0.8526625667742522,0.9180553603137965,0.32121453718211845
oracle,16,0.5,15.692307692307692,63971.333333333336,31985.46153846154,31985.46153846154,54121.41025641026,0.13754635377176486,0.2496454813144024,0.19359591754308364,0.4619387180936894,0.6511644372349423,0.5367008116725849,0.7842128854726887,0.7742011023426929,0.7755796413549945,0.9904936097112482,0.873885445025787,0.9267230546263223,0.19997439001795075
oracle,16,1.0,15.692307692307692,63971.333333333336,63971.333333333336,63971.333333333336,54121.41025641026,0.5046854858903119,0.2377713522244543,0.3712284190573831,0.2309676089427788,0.6511644372349423,0.3391126192619163,0.3997177403828343,0.774440400662388,0.5244984349570897,0.6860407126527598,0.8803026765128138,0.7687832702424419,0.11299787890435646
