seed,ranking,N_req,frac,n_steps,N_req,N,seed,frac,n_pred,n_ref,acc,comp,chamfer,precision@0.1,recall@0.1,f1@0.1,precision@0.2,recall@0.2,f1@0.2,precision@0.5,recall@0.5,f1@0.5,iou
0,oracle,-1,0.1,23.666666666666668,-1.0,23.666666666666668,0.0,0.1,8403.871794871795,59403.743589743586,0.03636813315027782,0.3187246055309797,0.17754636934062876,0.992809690078847,0.5837754903602856,0.7324579197888931,1.0,0.7105227615319638,0.8271087543259728,1.0,0.8362734615828756,0.9072762112471577,0.33904157679570734
0,oracle,-1,0.25,23.666666666666668,-1.0,23.666666666666668,0.0,0.25,21010.17948717949,59403.743589743586,0.07584290778109924,0.274742884731933,0.17529289625651612,0.7737589631417696,0.6609883089549656,0.7073094147571615,0.9671164157430473,0.7663886421364602,0.8535170988082393,1.0,0.8630160328694446,0.9231830240496064,0.3075226335540043
0,oracle,-1,0.5,23.666666666666668,-1.0,23.666666666666668,0.0,0.5,42021.02564102564,59403.743589743586,0.17023810997732516,0.2526769426421981,0.2114575263097616,0.3984479549684404,0.6622436542814445,0.492625772111338,0.690604274568502,0.7797997381897882,0.7263623379635101,0.9687708291512439,0.8794641409935492,0.9205880246017799,0.1838823853866858
0,oracle,-1,0.75,23.666666666666668,-1.0,23.666666666666668,0.0,0.75,63031.53846153846,59403.743589743586,0.3130989112427041,0.24749775203927543,0.2802983316409898,0.2656317400324762,0.6622436542814445,0.37591777114081704,0.4606430428537489,0.7798093618857774,0.5746038895532732,0.8232919130961289,0.882637699064357,0.8486565663237223,0.1309589352424119
0,oracle,-1,0.9,23.666666666666668,-1.0,23.666666666666668,0.0,0.9,75637.71794871795,59403.743589743586,0.4485192615729275,0.24648439361403587,0.3475018275934817,0.221360494345434,0.6622436542814445,0.3291939419142321,0.38387041175754344,0.7798093618857774,0.510649040329954,0.6923532238054894,0.8826799284878004,0.7726228983569989,0.11168512913566356
0,oracle,-1,1.0,23.666666666666668,-1.0,23.666666666666668,0.0,1.0,84042.51282051283,59403.743589743586,0.6045948985061247,0.24609129909241304,0.4253430987992689,0.19922247917276797,0.6622436542814445,0.30401428022655314,0.34547999199156376,0.7798093618857774,0.47539493479362366,0.6231119701529817,0.8826799284878004,0.7273840963252491,0.10170705697987846
0,oracle,1,0.1,23.666666666666668,1.0,1.0,0.0,0.1,933.5897435897435,14955.076923076924,0.02749042232980217,0.5667338524048003,0.2971121373673013,1.0,0.244322136770298,0.39176299793853747,1.0,0.37411144238746236,0.5429231188171577,1.0,0.6285025455815784,0.7691871820179375,0.09906240196785174
0,oracle,1,0.25,23.666666666666668,1.0,1.0,0.0,0.25,2334.74358974359,14955.076923076924,0.04593495963220134,0.47374336937920053,0.25983916450570094,0.9634656294615618,0.3900467841831996,0.5538562312384773,0.9992402066637874,0.5007310621964246,0.6649755345866782,1.0,0.7034353983794441,0.8235634550787639,0.1772329767322143
0,oracle,1,0.5,23.666666666666668,1.0,1.0,0.0,0.5,4670.0,14955.076923076924,0.09809786022406235,0.39790808901437547,0.2480029746192189,0.6374891120793144,0.43560137717410513,0.5142944914259749,0.890349883759481,0.5812048493161068,0.7011008841070068,0.998780331749764,0.7686356693216636,0.8664710355950053,0.16195473920542083
0,oracle,1,0.75,23.666666666666668,1.0,1.0,0.0,0.75,7005.0,14955.076923076924,0.1990477379456074,0.36946736512342443,0.28425755153451593,0.42499168180364844,0.43560137717410513,0.42743472272582694,0.6326552267905181,0.5883042966867865,0.6065714297794377,0.9129794146150332,0.7944174746132467,0.8479052568836937,0.1330952508563454
0,oracle,1,0.9,23.666666666666668,1.0,1.0,0.0,0.9,8406.0,14955.076923076924,0.3065799584324352,0.3651829805475751,0.33588146949000514,0.3541589940932252,0.43560137717410513,0.3881724343214021,0.5272118998719798,0.5883042966867865,0.5532648489490423,0.7942454099749043,0.7968493802022965,0.7930510706055726,0.12025958505843935
0,oracle,1,1.0,23.666666666666668,1.0,1.0,0.0,1.0,9340.461538461539,14955.076923076924,0.43391624355961783,0.3646416646202884,0.3992789540899531,0.3187270944630735,0.43560137717410513,0.3657804862055722,0.4744665984447868,0.5883042966867865,0.5226495057026553,0.7147992470697547,0.7968493802022965,0.7512406435608023,0.11299674142197294
0,oracle,2,0.1,23.666666666666668,2.0,2.0,0.0,0.1,1642.1538461538462,24069.0,0.028139224943422372,0.43232544983121446,0.2302323373873184,1.0,0.297211016419357,0.4567619765352941,1.0,0.4552663951730972,0.6235853157090554,1.0,0.7226496602445169,0.8369622385355356,0.12704929814227914
0,oracle,2,0.25,23.666666666666668,2.0,2.0,0.0,0.25,4106.153846153846,24069.0,0.04744342767792186,0.35019679122230774,0.1988201094501148,0.9554778650940609,0.4479165870998726,0.6076552666469693,1.0,0.5857033562713534,0.7366801067066908,1.0,0.79205445223289,0.8825029190008351,0.21442254986548412
0,oracle,2,0.5,23.666666666666668,2.0,2.0,0.0,0.5,8212.641025641025,24069.0,0.10401773073578549,0.2908451855566266,0.19743145814620602,0.618966468132088,0.48695614442685026,0.5400993255402083,0.881093158199204,0.663920289903224,0.7534296230384259,0.9951827457055199,0.849091168211402,0.9151630298745577,0.18204200938676893
0,oracle,2,0.75,23.666666666666668,2.0,2.0,0.0,0.75,12318.923076923076,24069.0,0.21274106337091828,0.27157002588729806,0.24215554462910815,0.41264595965493583,0.48695614442685026,0.442683429278584,0.628842608827862,0.6712186477777442,0.6447606877006327,0.9093022542695365,0.8700792111106553,0.8862703384100444,0.1453494189931383
0,oracle,2,0.9,23.666666666666668,2.0,2.0,0.0,0.9,14782.692307692309,24069.0,0.3299209009735968,0.26877789146738806,0.2993493962204924,0.3438727398142121,0.48695614442685026,0.39954852591435785,0.5240371434803871,0.6712186477777442,0.5845002943868821,0.794942219063492,0.8714113259233451,0.8271883685844486,0.12968889596047262
0,oracle,2,1.0,23.666666666666668,2.0,2.0,0.0,1.0,16425.69230769231,24069.0,0.474836352296078,0.2682879291418964,0.3715621407189872,0.3094754067105722,0.48695614442685026,0.37519296854658396,0.4716181648012241,0.6712186477777442,0.5502344637153006,0.7154255279764341,0.8714113259233451,0.7817937303315562,0.12099998753462402
0,oracle,4,0.1,23.666666666666668,4.0,4.0,0.0,0.1,2926.3333333333335,34478.53846153846,0.029136574721791764,0.3596444340430101,0.19439050438240094,1.0,0.40056359326030094,0.5708293587749064,1.0,0.5784117746685629,0.731187875125681,1.0,0.8009133914589258,0.8877084899085239,0.178238515165592
0,oracle,4,0.25,23.666666666666668,4.0,4.0,0.0,0.25,7316.74358974359,34478.53846153846,0.051351107618237565,0.2913231161792149,0.17133711189872622,0.9277379177919911,0.5473771408019945,0.6871617769970171,1.0,0.6886597320066019,0.8142519908661553,1.0,0.8460176168307674,0.9153835101825784,0.26645461493389494
0,oracle,4,0.5,23.666666666666668,4.0,4.0,0.0,0.5,14633.97435897436,34478.53846153846,0.1159051294495566,0.24924639644046045,0.18257576294500852,0.559782854346679,0.5700131566366741,0.5611711297800315,0.8497649163121077,0.7403093469925042,0.7876474284474998,0.9932308655635368,0.8813803219040082,0.9330950088519975,0.19903828389445585
0,oracle,4,0.75,23.666666666666668,4.0,4.0,0.0,0.75,21950.923076923078,34478.53846153846,0.2301290407355386,0.23730491718539254,0.23371697896046556,0.3731891113681876,0.5700131566366741,0.44828285717013855,0.5859104641790521,0.7420351734423273,0.6508044274516325,0.8940587660221879,0.8914782866932958,0.8901771118427495,0.15221732867811558
0,oracle,4,0.9,23.666666666666668,4.0,4.0,0.0,0.9,26341.102564102563,34478.53846153846,0.3508775654213328,0.23578796197515373,0.2933327636982433,0.3109904136012021,0.5700131566366741,0.400063528888924,0.48825801758354626,0.7420351734423273,0.5855007359887523,0.770048113491175,0.8918209094968618,0.8228375691918101,0.13340484592672164
0,oracle,4,1.0,23.666666666666668,4.0,4.0,0.0,1.0,29268.358974358973,34478.53846153846,0.49862093534539287,0.23560129130390728,0.36711111332465013,0.27988653414877823,0.5700131566366741,0.373305144157152,0.4394246421837503,0.7420351734423273,0.5488063892954546,0.6930313700469183,0.8918209094968618,0.7765713226361032,0.1232516611779204
0,oracle,8,0.1,23.666666666666668,8.0,8.0,0.0,0.1,4655.307692307692,44439.41025641026,0.031527757895896666,0.3326353592457412,0.18208155857081895,1.0,0.48666679130782053,0.6536047379972554,1.0,0.6515707538811683,0.7871705939031022,1.0,0.8247691685650768,0.9018687553593875,0.23988063006117075
0,oracle,8,0.25,23.666666666666668,8.0,8.0,0.0,0.25,11639.076923076924,44439.41025641026,0.059114024989861506,0.27683555549187483,0.16797479024086817,0.8800089439973857,0.6086235699120537,0.7174511266912965,0.996509647654245,0.7369816616663645,0.8456536896243296,1.0,0.8593471139536684,0.922550484401418,0.2975945802404888
0,oracle,8,0.5,23.666666666666668,8.0,8.0,0.0,0.5,23278.69230769231,44439.41025641026,0.13449469428803068,0.24927299526836352,0.19188384477819712,0.4900029434253245,0.6171546857434377,0.5425488184875353,0.7900207148794366,0.7658068189759987,0.7734211273803414,0.9860973698838494,0.883237810102267,0.9307365017151088,0.19837218405618834
0,oracle,8,0.75,23.666666666666668,8.0,8.0,0.0,0.75,34918.02564102564,44439.41025641026,0.257267738306321,0.24256312322252396,0.24991543076442246,0.3266689926923371,0.6171546857434377,0.4245521490943109,0.53774685481271,0.7665414501552502,0.6277726878867846,0.8737088797017848,0.8894131515124423,0.8788811979705929,0.14651608262126894
0,oracle,8,0.9,23.666666666666668,8.0,8.0,0.0,0.9,41901.61538461538,44439.41025641026,0.38096199281862864,0.24168385323672886,0.3113229230276788,0.2722239054344546,0.6171546857434377,0.3756011914890299,0.44812198686997107,0.7665414501552502,0.561905135630182,0.7465870369955061,0.8895919197136277,0.8084883814317454,0.1266615825403002
0,oracle,8,1.0,23.666666666666668,8.0,8.0,0.0,1.0,46557.846153846156,44439.41025641026,0.5292520163551209,0.24155503250443125,0.3854035244297761,0.24499863218316023,0.6171546857434377,0.3488005429045878,0.4033050638818301,0.7665414501552502,0.5251899115080528,0.6719205243144993,0.8895919197136277,0.7624689284336176,0.11616807318672681
0,oracle,16,0.1,23.666666666666668,16.0,15.692307692307692,0.0,0.1,6855.076923076923,54121.41025641026,0.03422312693185773,0.313930643600572,0.17407688526621484,1.0,0.5578681815202403,0.7147274656616912,1.0,0.7002069053887346,0.82098280076392,1.0,0.8383733310814616,0.9092040198589887,0.3086075866648665
0,oracle,16,0.25,23.666666666666668,16.0,15.692307692307692,0.0,0.25,17138.384615384617,54121.41025641026,0.06895010113883175,0.2660158996156628,0.16748300037724728,0.8137228639238747,0.6508627315732808,0.7201138468770454,0.9803496719656452,0.7651647659865359,0.8579788977136662,1.0,0.8673432945172542,0.9264501601505253,0.30907234069943584
0,oracle,16,0.5,23.666666666666668,16.0,15.692307692307692,0.0,0.5,34277.256410256414,54121.41025641026,0.155847098202506,0.2431185347192217,0.19948281646086385,0.4253715738054666,0.6529256722840151,0.5117295628130174,0.7237060466666253,0.7816843871081118,0.7467452427096437,0.977107930975709,0.8860232848958816,0.9282367497845438,0.1897847875932928
0,oracle,16,0.75,23.666666666666668,16.0,15.692307692307692,0.0,0.75,51415.8717948718,54121.41025641026,0.289650410686504,0.2375352087928057,0.2635928097396549,0.2835808628358265,0.6529256722840151,0.3931166120795898,0.48440005166942485,0.7817294881876734,0.5943322056737783,0.8436373220128823,0.8895777364932058,0.8632859444401382,0.13643677738927998
0,oracle,16,0.9,23.666666666666668,16.0,15.692307692307692,0.0,0.9,61698.94871794872,54121.41025641026,0.41930597496561123,0.23654458672386477,0.327925280844738,0.23631809250810007,0.6529256722840151,0.3451650134551367,0.40366791796250306,0.7817294881876734,0.5291818473039516,0.7111720995124486,0.8896244531084095,0.7875271470919178,0.11675305911820513
0,oracle,16,1.0,23.666666666666668,16.0,15.692307692307692,0.0,1.0,68554.92307692308,54121.41025641026,0.5736680240719798,0.23620137645663355,0.40493470026430667,0.21268436236207108,0.6529256722840151,0.3192148510195201,0.3632978411903608,0.7817294881876734,0.49315957582966863,0.6400492001132994,0.8896244531084095,0.7417675463236798,0.10650928150223106
0,oracle,32,0.1,23.666666666666668,32.0,21.846153846153847,0.0,0.1,8143.5641025641025,58588.4358974359,0.03605411052498899,0.3183095993436921,0.17718185493434052,0.9953457388885184,0.58065337114909,0.731031730323586,1.0,0.7093714977685306,0.8265525113282751,1.0,0.8364692500138033,0.9075313008623979,0.3346106217656813
0,oracle,32,0.25,23.666666666666668,32.0,21.846153846153847,0.0,0.25,20359.4358974359,58588.4358974359,0.07488010327241068,0.2742209997936558,0.17455055153303325,0.7776903623849388,0.6597430432859834,0.7087301351138112,0.9686051333577239,0.7659933160962138,0.8538579234843848,1.0,0.8634397525871221,0.9235806511506309,0.3081476286494286
0,oracle,32,0.5,23.666666666666668,32.0,21.846153846153847,0.0,0.5,40719.48717948718,58588.4358974359,0.16813661586307746,0.25197059902826896,0.21005360744567325,0.4017466750401179,0.6610778460569331,0.4951830094418557,0.6953228875676408,0.7796332950647368,0.729134661044346,0.9698413475190987,0.8800985330089668,0.921435854120783,0.1848286172066035
0,oracle,32,0.75,23.666666666666668,32.0,21.846153846153847,0.0,0.75,61079.256410256414,58588.4358974359,0.30995219681932257,0.24664728432691208,0.27829974057311735,0.26783078102082475,0.6610778460569331,0.3781680117832501,0.4637885924928168,0.779642918760726,0.5771802628102344,0.8261022337974805,0.8833127169928685,0.8505405903797422,0.13175898325076726
0,oracle,32,0.9,23.666666666666668,32.0,21.846153846153847,0.0,0.9,73294.94871794872,58588.4358974359,0.44501477896772895,0.24562551044885828,0.3453201447082936,0.22319312504178604,0.6610778460569331,0.3312656740101103,0.3864918759032847,0.779642918760726,0.5130793370925462,0.6947346863131768,0.8833549464163118,0.7744440542351638,0.11240458390458219
0,oracle,32,1.0,23.666666666666668,32.0,21.846153846153847,0.0,1.0,81439.43589743589,58588.4358974359,0.6011653957141206,0.24523241592723544,0.423198905820678,0.20087182425950115,0.6610778460569331,0.3059770348430911,0.34783927411588056,0.779642918760726,0.47772882545375867,0.625255227707437,0.8833549464163118,0.7291473810833277,0.10237935222217787
0,support,-1,0.1,23.666666666666668,-1.0,23.666666666666668,0.0,0.1,8403.871794871795,59403.743589743586,0.22863014002351215,1.0753550666059184,0.6519926033147153,0.5676912638192001,0.287967686356787,0.37965886734088333,0.7303839702030944,0.3681192232251084,0.48654763046752436,0.8800194956956324,0.49218702041901125,0.6280659654895406,0.13365913348765304
0,support,-1,0.25,23.666666666666668,-1.0,23.666666666666668,0.0,0.25,21010.17948717949,59403.743589743586,0.28724152398836766,0.5423081195337088,0.4147748217610383,0.4049499803233256,0.42656844964387647,0.41227907477812326,0.5974537512583393,0.5377702305531618,0.5624595005887948,0.8373710161602325,0.6970921458161649,0.7573354204001334,0.15022371192403616
0,support,-1,0.5,23.666666666666668,-1.0,23.666666666666668,0.0,0.5,42021.02564102564,59403.743589743586,0.40214929746603373,0.32753249035062504,0.36484089390832936,0.2891261011304504,0.5413215284772307,0.37371917964342594,0.4675820621633206,0.6759051497658569,0.5485115673820159,0.7491817091809412,0.8267071026204397,0.7831532180257355,0.1320446925328744
0,support,-1,0.75,23.666666666666668,-1.0,23.666666666666668,0.0,0.75,63031.53846153846,59403.743589743586,0.504668961420143,0.27763713535951395,0.39115304838982845,0.23289261320369897,0.6043280129715405,0.33346898766154365,0.3934402770552832,0.7344589036014543,0.5087100530319622,0.6784649969328356,0.8614289699815298,0.7563564973188399,0.11423613813448401
0,support,-1,0.9,23.666666666666668,-1.0,23.666666666666668,0.0,0.9,75637.71794871795,59403.743589743586,0.5651093096919223,0.2641241244188356,0.41461671705537895,0.21126531442436866,0.6355778356571453,0.3145577838693483,0.36259348305045,0.7540689072066171,0.4859396022740853,0.6430314562818991,0.8700433108287114,0.7362030809490009,0.10638681710328306
0,support,-1,1.0,23.666666666666668,-1.0,23.666666666666668,0.0,1.0,84042.51282051283,59403.743589743586,0.6045948985061248,0.24609129909241304,0.4253430987992689,0.19922247917276797,0.6622436542814445,0.30401428022655314,0.34547999199156376,0.7798093618857774,0.47539493479362366,0.6231119701529817,0.8826799284878004,0.7273840963252491,0.10170705697987846
0,support,1,0.1,23.666666666666668,1.0,1.0,0.0,0.1,933.5897435897435,14955.076923076924,0.20757554954828736,1.1750509401266716,0.6913132448374795,0.661636612105959,0.18277199663125332,0.28482180145679775,0.774310388899206,0.2667714500505269,0.3947752836054501,0.878481971682298,0.424968074585624,0.569755959350897,0.05198574173734357
0,support,1,0.25,23.666666666666668,1.0,1.0,0.0,0.25,2334.74358974359,14955.076923076924,0.23753269134591953,0.6626174544384795,0.45007507289219956,0.5500103604823351,0.3137358254260879,0.3975711492020894,0.6948203520759094,0.4509990314450268,0.5443533239591347,0.8652316162722721,0.6610665547971727,0.7461292565414145,0.09439542121914152
0,support,1,0.5,23.666666666666668,1.0,1.0,0.0,0.5,4670.0,14955.076923076924,0.29903696776523697,0.4337301346856114,0.36638355122542415,0.44865261944865065,0.39521878687229145,0.4181435139363319,0.6063206940380443,0.5460447153887302,0.572244128538143,0.8161418309061201,0.7548896792058938,0.781635644334176,0.12040442465527022
0,support,1,0.75,23.666666666666668,1.0,1.0,0.0,0.75,7005.0,14955.076923076924,0.35914654706067417,0.39794624579636473,0.37854639642851945,0.37732962297858375,0.4191071567219585,0.39470173796427566,0.5364553558389875,0.5678195702359671,0.5488285310182025,0.7670676282768712,0.773913958299341,0.7676752151735287,0.11984572446840411
0,support,1,0.9,23.666666666666668,1.0,1.0,0.0,0.9,8406.0,14955.076923076924,0.4002743496110515,0.3799347728674978,0.39010456123927467,0.34311205600145084,0.4304030756627256,0.3794932266675954,0.5011477621038767,0.5797213247625292,0.5348455702781837,0.7368912801747786,0.7849167611094627,0.7576046205528453,0.11677601677336238
0,support,1,1.0,23.666666666666668,1.0,1.0,0.0,1.0,9340.461538461539,14955.076923076924,0.43391624355961783,0.3646416646202884,0.3992789540899531,0.3187270944630735,0.43560137717410513,0.3657804862055722,0.4744665984447868,0.5883042966867865,0.5226495057026553,0.7147992470697547,0.7968493802022965,0.7512406435608023,0.11299674142197294
0,support,2,0.1,23.666666666666668,2.0,2.0,0.0,0.1,1642.1538461538462,24069.0,0.18140469075526686,0.9907285214871414,0.5860666061212041,0.6623745729142894,0.19781661618993734,0.3024728430649905,0.7953195077928704,0.29535368282299623,0.4283634164399577,0.8996471432843876,0.4769891299705232,0.6210956586522591,0.06473547189585223
0,support,2,0.25,23.666666666666668,2.0,2.0,0.0,0.25,4106.153846153846,24069.0,0.22790035009159523,0.503527377755235,0.36571386392341515,0.5477576305044923,0.34290482760297797,0.4189037887923676,0.7069969206476795,0.5023903879552908,0.5838531291345189,0.8708285606678415,0.7286079875090578,0.7906689582085554,0.11320428823329451
0,support,2,0.5,23.666666666666668,2.0,2.0,0.0,0.5,8212.641025641025,24069.0,0.3069129522183731,0.3376033576291176,0.3222581549237454,0.4330238860654555,0.42910788836821806,0.4278699483662569,0.6030476350554757,0.6033488819758954,0.5995690840751541,0.8166752265602973,0.8191703228262466,0.8148310548922456,0.133151382065678
0,support,2,0.75,23.666666666666668,2.0,2.0,0.0,0.75,12318.923076923076,24069.0,0.3933042153634042,0.3032669893569538,0.34828560236017897,0.3611848271688441,0.4620401409250123,0.4020075496201127,0.5275108453001295,0.6381338304507137,0.5736107189640799,0.7613203100517368,0.8422372805200495,0.7957899796999148,0.1290751569294176
0,support,2,0.9,23.666666666666668,2.0,2.0,0.0,0.9,14782.692307692309,24069.0,0.4422151178590565,0.2869120264402715,0.364563572149664,0.33016430993548584,0.47802461923222567,0.387252121645544,0.49369568269624453,0.6563224597405793,0.5597307678739035,0.7325353752447435,0.8547499125242499,0.7849413757351784,0.12500804331496565
0,support,2,1.0,23.666666666666668,2.0,2.0,0.0,1.0,16425.69230769231,24069.0,0.474836352296078,0.2682879291418964,0.3715621407189872,0.3094754067105722,0.48695614442685026,0.37519296854658396,0.4716181648012241,0.6712186477777442,0.5502344637153006,0.7154255279764341,0.8714113259233451,0.7817937303315562,0.12099998753462402
0,support,4,0.1,23.666666666666668,4.0,4.0,0.0,0.1,2926.3333333333335,34478.53846153846,0.2015889823218112,0.9894906882054457,0.5955398352636285,0.6849742621740086,0.2540774029502175,0.3687670087041238,0.7937265263552263,0.350713872674191,0.4837673557856301,0.885155139139374,0.517591371551918,0.6492121053299531,0.09513595021367278
0,support,4,0.25,23.666666666666668,4.0,4.0,0.0,0.25,7316.74358974359,34478.53846153846,0.24681133773809824,0.5133620480943785,0.38008669291623837,0.5263863038587021,0.4058536105335347,0.45618310977714127,0.6853008555652775,0.5562508381453501,0.6109216746885767,0.8599629527339036,0.7389451857373756,0.7916053179072998,0.1392729990312708
0,support,4,0.5,23.666666666666668,4.0,4.0,0.0,0.5,14633.97435897436,34478.53846153846,0.32103153803276296,0.30604259769382514,0.31353706786329405,0.4009245643971756,0.4973361051066128,0.44170953435644905,0.5732909416957234,0.659427437001473,0.6103308831572459,0.8031648595672698,0.8385331430745993,0.817570918564113,0.14639537521509413
0,support,4,0.75,23.666666666666668,4.0,4.0,0.0,0.75,21950.923076923078,34478.53846153846,0.40742462929105916,0.27207587763432706,0.3397502534626931,0.33034174312268116,0.5360935252003232,0.4064455031562477,0.498344147150484,0.6973463208685337,0.5779882162783314,0.746481519887774,0.8598162035665748,0.7958073391045516,0.1354650802023119
0,support,4,0.9,23.666666666666668,4.0,4.0,0.0,0.9,26341.102564102563,34478.53846153846,0.459890223591364,0.25758063361335726,0.35873542860236063,0.2993159719786407,0.5565436549815188,0.3870175367847251,0.46243120270576243,0.7199381717935324,0.5597655556698999,0.7141267100894468,0.8714172553453634,0.781337898343951,0.12863089514130754
0,support,4,1.0,23.666666666666668,4.0,4.0,0.0,1.0,29268.358974358973,34478.53846153846,0.498620935345393,0.23560129130390728,0.36711111332465013,0.27988653414877823,0.5700131566366741,0.373305144157152,0.4394246421837503,0.7420351734423273,0.5488063892954546,0.6930313700469183,0.8918209094968618,0.7765713226361032,0.1232516611779204
0,support,8,0.1,23.666666666666668,8.0,8.0,0.0,0.1,4655.307692307692,44439.41025641026,0.21694126693533028,1.0221620658630006,0.6195516663991655,0.6382796401096738,0.27527997844935687,0.3827006091483929,0.7683523582813975,0.36719345209642407,0.49396601681788244,0.8798225757785704,0.5156846582860706,0.6454709897320964,0.11510384536816169
0,support,8,0.25,23.666666666666668,8.0,8.0,0.0,0.25,11639.076923076924,44439.41025641026,0.2634308710117904,0.5184466124502369,0.3909387417310137,0.4710920401089383,0.417270401339775,0.4401642546139544,0.6481899864705936,0.5507914210817569,0.5918320493760179,0.8521107879269891,0.7160353756549808,0.7746098433519594,0.14653932877856837
0,support,8,0.5,23.666666666666668,8.0,8.0,0.0,0.5,23278.69230769231,44439.41025641026,0.3438911891655994,0.3077004934798699,0.3257958413227347,0.350742583601189,0.5200403457325833,0.4167370365857099,0.5310162130804575,0.6731791020949407,0.5902234597950416,0.7868482276203748,0.8368261653362808,0.8080143412843822,0.14302921306928731
0,support,8,0.75,23.666666666666668,8.0,8.0,0.0,0.75,34918.02564102564,44439.41025641026,0.43493930992190794,0.27657955459686034,0.3557594322593841,0.2864215465433741,0.5685607291371594,0.3788266569186591,0.4564790477949611,0.7152440370690445,0.5538873048171774,0.724740729230211,0.8602361995902873,0.7837699458603407,0.1285648797174094
0,support,8,0.9,23.666666666666668,8.0,8.0,0.0,0.9,41901.61538461538,44439.41025641026,0.4907770961558776,0.26250272002114333,0.37663990808851044,0.26019171957584664,0.5962550892122491,0.36023322218316584,0.4230267587462453,0.7402415503378711,0.5349129028881241,0.6913185051277215,0.871069450750527,0.7677301552529372,0.12125748558849973
0,support,8,1.0,23.666666666666668,8.0,8.0,0.0,1.0,46557.846153846156,44439.41025641026,0.5292520163551209,0.24155503250443125,0.3854035244297761,0.24499863218316023,0.6171546857434377,0.3488005429045878,0.4033050638818301,0.7665414501552502,0.5251899115080528,0.6719205243144993,0.8895919197136277,0.7624689284336176,0.11616807318672681
0,support,16,0.1,23.666666666666668,16.0,15.692307692307692,0.0,0.1,6855.076923076923,54121.41025641026,0.2259613173789424,1.0417171676718375,0.63383924252539,0.5914569199933576,0.2869652842403309,0.3847851689496689,0.7432974625963745,0.3719399678716006,0.49307369732704176,0.8798431921277261,0.5042124149015278,0.6367852249068565,0.12925086443131856
0,support,16,0.25,23.666666666666668,16.0,15.692307692307692,0.0,0.25,17138.384615384617,54121.41025641026,0.27794636342689183,0.5272193298090322,0.402582846617962,0.4258418906360625,0.425399506355407,0.4234069767026619,0.6134385277107028,0.5450484243848318,0.5738755196817674,0.843229968852242,0.7060239552788097,0.7651178154461706,0.15028857550480146
0,support,16,0.5,23.666666666666668,16.0,15.692307692307692,0.0,0.5,34277.256410256414,54121.41025641026,0.3767015290646108,0.3146936429826309,0.34569758602362083,0.30757041458596307,0.5362455762767226,0.38881158145149125,0.4867485325720992,0.6785250688006141,0.5634768530339489,0.7624182468572702,0.834772529102651,0.7942221002117866,0.1361979892344076
0,support,16,0.75,23.666666666666668,16.0,15.692307692307692,0.0,0.75,51415.8717948718,54121.41025641026,0.47394121539296163,0.2698471046215948,0.3718941600072782,0.24828775513139553,0.5950626722418387,0.3485434131202599,0.41190974283079984,0.7321924284700111,0.5243477251829797,0.6942479843560868,0.8652246914920653,0.7681614974037255,0.11893409134026378
0,support,16,0.9,23.666666666666668,16.0,15.692307692307692,0.0,0.9,61698.94871794872,54121.41025641026,0.5312376281869103,0.2556682941737657,0.393452961180338,0.22582534173802635,0.6275713207238959,0.3303508254914949,0.3814472573661727,0.7544230985363496,0.5036567733070232,0.6605399187747623,0.8751416982364026,0.7501384923967918,0.11140196176752153
0,support,16,1.0,23.666666666666668,16.0,15.692307692307692,0.0,1.0,68554.92307692308,54121.41025641026,0.5736680240719798,0.23620137645663355,0.40493470026430667,0.21268436236207108,0.6529256722840151,0.3192148510195201,0.3632978411903608,0.7817294881876734,0.49315957582966863,0.6400492001132994,0.8896244531084095,0.7417675463236798,0.10650928150223106
0,support,32,0.1,23.666666666666668,32.0,21.846153846153847,0.0,0.1,8143.5641025641025,58588.4358974359,0.2292916705043352,1.0707128718029684,0.6500022711536518,0.5701063663422248,0.28786400927864536,0.3802694548189274,0.7312215568453069,0.3690554905007299,0.48740821176784876,0.8789677144691601,0.49420872606302935,0.6289324907092565,0.1329704571825263
0,support,32,0.25,23.666666666666668,32.0,21.846153846153847,0.0,0.25,20359.4358974359,58588.4358974359,0.2865440775548117,0.5413954944350777,0.4139697859949447,0.40711630707755375,0.42609060681413286,0.4133848000186818,0.5988775894984043,0.538278829665588,0.5634450785190048,0.8374000541275112,0.6980332958499323,0.7579118675166134,0.15014016736263675
0,support,32,0.5,23.666666666666668,32.0,21.846153846153847,0.0,0.5,40719.48717948718,58588.4358974359,0.3998617153199741,0.3268301945941345,0.3633459549570543,0.2912838717140765,0.5398971001284565,0.3754229540468339,0.46991203037656576,0.6754972341266876,0.5501406432461124,0.7502965161907985,0.827809996881009,0.7842445709690682,0.1325742863480713
0,support,32,0.75,23.666666666666668,32.0,21.846153846153847,0.0,0.75,61079.256410256414,58588.4358974359,0.5001951270541658,0.27681766531519786,0.38850639618468186,0.23460187200347044,0.6020184007747112,0.3351064554635462,0.395610231292242,0.7334739868661388,0.510458469302551,0.680160906467002,0.8618154765799485,0.7576171988885972,0.1147657967336423
0,support,32,0.9,23.666666666666668,32.0,21.846153846153847,0.0,0.9,73294.94871794872,58588.4358974359,0.5606862296811277,0.2632446082654347,0.4119654189732812,0.21297111521542875,0.6342977504480604,0.31649040158966424,0.3649522913815573,0.7541371301265217,0.4882355073506514,0.6451770065259006,0.8706572686120052,0.7379229744544201,0.10703866489738778
0,support,32,1.0,23.666666666666668,32.0,21.846153846153847,0.0,1.0,81439.43589743589,58588.4358974359,0.6011653957141206,0.24523241592723544,0.4231989058206781,0.20087182425950115,0.6610778460569331,0.3059770348430911,0.34783927411588056,0.779642918760726,0.47772882545375867,0.625255227707437,0.8833549464163118,0.7291473810833277,0.10237935222217787
1,oracle,1,0.1,23.666666666666668,1.0,1.0,1.0,0.1,795.6153846153846,12895.948717948719,0.031037543260983798,0.6201902308679188,0.3256138870644513,1.0,0.23996104248552053,0.385284028527729,1.0,0.367061088855222,0.5345519882183998,1.0,0.6144563714928777,0.7577689181597639,0.09226842272284806
1,oracle,1,0.25,23.666666666666668,1.0,1.0,1.0,0.25,1989.7435897435898,12895.948717948719,0.05582996506500193,0.5134435006244419,0.2846367328447219,0.9066335288400208,0.36435154800166214,0.5146923413695179,0.9830452708820744,0.48877016440671667,0.6496119162545959,1.0,0.6958995554922227,0.818500146811365,0.15441753406329747
1,oracle,1,0.5,23.666666666666668,1.0,1.0,1.0,0.5,3980.076923076923,12895.948717948719,0.12756620598070229,0.4312088140528391,0.2793875100167707,0.6142664338115492,0.4103024963046066,0.48287971399707613,0.8417448952712464,0.5678733026972244,0.6705133047461097,0.9666270700802565,0.7607213659762598,0.8485999365153822,0.14473846799699142
1,oracle,1,0.75,23.666666666666668,1.0,1.0,1.0,0.75,5970.051282051282,12895.948717948719,0.2483731104706633,0.3965836579251326,0.322478384197898,0.4131323872811814,0.411471877300885,0.40441878406050247,0.6353272686543289,0.5825545318386957,0.5983687091021606,0.8808578207471532,0.7913621780376835,0.8281182185893644,0.12000761785587724
1,oracle,1,0.9,23.666666666666668,1.0,1.0,1.0,0.9,7164.076923076923,12895.948717948719,0.36821880224025855,0.38853281175896254,0.37837580699961054,0.34427780824412313,0.411471877300885,0.36786400823035226,0.5305738868376648,0.5827024827190035,0.5468474887393509,0.7938298951207878,0.7959120716760838,0.7869212246045668,0.10864242598019384
1,oracle,1,1.0,23.666666666666668,1.0,1.0,1.0,1.0,7960.666666666667,12895.948717948719,0.49682088567464405,0.387279206797334,0.442050046235989,0.3098247780188551,0.411471877300885,0.34698583875603894,0.4774781847410082,0.5827024827190035,0.5168930283227864,0.7206901000162105,0.7960560701895625,0.7484075931331816,0.10219153928944975
1,oracle,2,0.1,23.666666666666668,2.0,2.0,1.0,0.1,1643.8974358974358,22624.666666666668,0.028461390898368116,0.5075003992299794,0.26798089506417366,1.0,0.3128903798659761,0.4754530815952447,1.0,0.45962210491753497,0.6282419003200023,1.0,0.6931903646727252,0.8161301765834116,0.12867626146663988
1,oracle,2,0.25,23.666666666666668,2.0,2.0,1.0,0.25,4110.4358974358975,22624.666666666668,0.04881816191731043,0.4330676688983182,0.2409429154078143,0.9358696162579735,0.4441004518277903,0.6007086099569897,1.0,0.5607639342172502,0.7165209939513719,1.0,0.7447667455191944,0.8511752037925772,0.208908285392516
1,oracle,2,0.5,23.666666666666668,2.0,2.0,1.0,0.5,8221.307692307691,22624.666666666668,0.11387148966141755,0.36866328704437545,0.2412673883528965,0.5914038474694038,0.4778544061660283,0.5247720875151565,0.8468597065912152,0.6249629942000713,0.7163106808031509,0.9932675403642626,0.7986790516146212,0.8832834040383337,0.17364689827486218
1,oracle,2,0.75,23.666666666666668,2.0,2.0,1.0,0.75,12331.948717948719,22624.666666666668,0.22603443643924662,0.3479379570809392,0.2869861967600929,0.39426994645510877,0.4778544061660283,0.4289409022873099,0.6007327421952054,0.6303713857601533,0.6113472268585167,0.8888200061038,0.8173054881373742,0.8498799851368302,0.13824643660904143
1,oracle,2,0.9,23.666666666666668,2.0,2.0,1.0,0.9,14798.25641025641,22624.666666666668,0.34577253387040163,0.34465725305239314,0.34521489346139733,0.3285603060595973,0.4778544061660283,0.38665702775322075,0.5006138340855477,0.6303713857601533,0.5546101592123168,0.7765691926196276,0.8190499117242666,0.7945109803785041,0.12318720033191383
1,oracle,2,1.0,23.666666666666668,2.0,2.0,1.0,1.0,16443.05128205128,22624.666666666668,0.4896648980378268,0.34427841049531044,0.4169716542665686,0.29569354956406013,0.4778544061660283,0.362823172993527,0.4505360227882952,0.6303713857601533,0.5223071047801012,0.7006685261995125,0.8190850553183457,0.7524984889171711,0.11484672473302143
1,oracle,4,0.1,23.666666666666668,4.0,4.0,1.0,0.1,2816.846153846154,34443.53846153846,0.029088124247216605,0.3836656810748956,0.2063769026610561,1.0,0.38478368175815486,0.5544946751277167,1.0,0.5570520284449567,0.7135091623584752,1.0,0.7826532564269648,0.8759964148233467,0.17205743363131223
1,oracle,4,0.25,23.666666666666668,4.0,4.0,1.0,0.25,7042.897435897436,34443.53846153846,0.0503272981558411,0.3153016924637445,0.18281449530979282,0.9403826260380453,0.5315351260373121,0.6777131304672442,1.0,0.6656177700116143,0.7973471470336764,1.0,0.8280029678513307,0.9042428012280118,0.26252092784970477
1,oracle,4,0.5,23.666666666666668,4.0,4.0,1.0,0.5,14086.333333333334,34443.53846153846,0.11188375171004485,0.27215608315199563,0.19201991743102023,0.5652557946827651,0.5543206251151918,0.5568220590553453,0.8550197443095067,0.7188634024204626,0.778878049409078,0.9995152774996583,0.866775384025783,0.9269728027761459,0.19782246437881776
1,oracle,4,0.75,23.666666666666668,4.0,4.0,1.0,0.75,21129.48717948718,34443.53846153846,0.22210726205085934,0.2592659672620042,0.24068661465643176,0.3768375825326829,0.5543206251151918,0.446434238750583,0.5909490172909687,0.7207849455164241,0.6467684087995121,0.9012849727810811,0.8782266195241585,0.8882430952040758,0.15173731541912275
1,oracle,4,0.9,23.666666666666668,4.0,4.0,1.0,0.9,25355.46153846154,34443.53846153846,0.33872744079340666,0.25772612000243034,0.2982267803979185,0.31403040579378944,0.5543206251151918,0.3990258250400235,0.49245612694772045,0.7207849455164241,0.5827930555537173,0.7792129061784795,0.8787234176321763,0.8236012343813264,0.1331433609268049
1,oracle,4,1.0,23.666666666666668,4.0,4.0,1.0,1.0,28173.23076923077,34443.53846153846,0.47982558752959587,0.2574957025000542,0.36866064501482504,0.2826221453408759,0.5543206251151918,0.3726520641585232,0.4432023565798509,0.7207849455164241,0.5467491746327189,0.7012787521933791,0.8787234176321763,0.7778105892271886,0.12308988510473096
1,oracle,8,0.1,23.666666666666668,8.0,8.0,1.0,0.1,4609.948717948718,43985.61538461538,0.0318236961537662,0.35013840011681385,0.19098104813529002,1.0,0.4786154553567298,0.6461606192337153,1.0,0.6400134998111794,0.7783764832706838,1.0,0.8138186602907892,0.8947892796920426,0.23860176798006508
1,oracle,8,0.25,23.666666666666668,8.0,8.0,1.0,0.25,11525.641025641025,43985.61538461538,0.060268353588295534,0.29174359055641447,0.176005972072355,0.8723623001004569,0.5985023223143052,0.7083465715917572,0.9953042875881764,0.7264750179490803,0.8381132983072516,1.0,0.8507032863089901,0.9172106560913702,0.29075223959161894
1,oracle,8,0.5,23.666666666666668,8.0,8.0,1.0,0.5,23051.76923076923,43985.61538461538,0.13725416416424427,0.25946471080280215,0.1983594374835232,0.4779388380017367,0.6054475311101486,0.5313089691127281,0.7792505071419914,0.7538744613510476,0.7628085033036067,0.9870116791899155,0.8778516729986368,0.9280010581281803,0.19268939208489097
1,oracle,8,0.75,23.666666666666668,8.0,8.0,1.0,0.75,34577.61538461538,43985.61538461538,0.26211769256764816,0.25167648395924924,0.2568970882634487,0.31862661698648137,0.6054475311101486,0.41547321683766153,0.525438824074807,0.7542126996289643,0.6161082515672494,0.8669685360424338,0.8839944330105189,0.8733836808405195,0.14246359927772898
1,oracle,8,0.9,23.666666666666668,8.0,8.0,1.0,0.9,41493.10256410256,43985.61538461538,0.38775353896713016,0.25065260844810144,0.3192030737076158,0.2655222948153482,0.6054475311101486,0.367453972438848,0.4378658819968225,0.7542126996289643,0.5512621812309675,0.7383214183239,0.8841235160226493,0.8020239810788715,0.1232049221717713
1,oracle,8,1.0,23.666666666666668,8.0,8.0,1.0,1.0,46104.0,43985.61538461538,0.5392045952735202,0.25047207996215104,0.39483833761783554,0.23896699894807588,0.6054475311101486,0.3411731348605021,0.39407419949441,0.7542126996289643,0.5151312314147918,0.6644806922950169,0.8841235160226493,0.7562638142576653,0.11301994957473362
1,oracle,16,0.1,23.666666666666668,16.0,15.692307692307692,1.0,0.1,6780.153846153846,53943.282051282054,0.03415045968153012,0.32111566106559186,0.17763306037356097,1.0,0.5526953230580176,0.7105537321259586,1.0,0.6934765836029836,0.8164663299871924,1.0,0.8330886888549043,0.9061117813999988,0.3060772568049344
1,oracle,16,0.25,23.666666666666668,16.0,15.692307692307692,1.0,0.25,16950.94871794872,53943.282051282054,0.06890012026405568,0.27354596703729617,0.1712230436506759,0.8114724310051717,0.6445895858479206,0.7154373037730332,0.981699588301573,0.7579264630299536,0.853845478778195,1.0,0.862004901945944,0.9233609404938483,0.30822748091564506
1,oracle,16,0.5,23.666666666666668,16.0,15.692307692307692,1.0,0.5,33902.38461538462,53943.282051282054,0.15564955831658914,0.24811655432084384,0.20188305631871648,0.4257892324920354,0.6468112602057966,0.5100747223740792,0.72204822399296,0.7747390095478088,0.7425177972147229,0.979199032021967,0.8818530162813317,0.9266544374186614,0.18974577176054672
1,oracle,16,0.75,23.666666666666668,16.0,15.692307692307692,1.0,0.75,50853.5641025641,53943.282051282054,0.2893831397246767,0.24154494448401345,0.2654640421043451,0.28385942747568077,0.6468112602057966,0.3922215774177384,0.4841335554814705,0.7747941094330901,0.5919063078498714,0.8418336781600356,0.8854536156024964,0.8603599512478334,0.13647812697616532
1,oracle,16,0.9,23.666666666666668,16.0,15.692307692307692,1.0,0.9,61024.307692307695,53943.282051282054,0.41898204254849036,0.24047729484557834,0.32972966869703435,0.2365493573184204,0.6468112602057966,0.3445129764280624,0.4034443413299142,0.7747941094330901,0.5272142157373984,0.7104085624035408,0.8855033924942151,0.7853715824198998,0.11680998950921331
1,oracle,16,1.0,23.666666666666668,16.0,15.692307692307692,1.0,1.0,67805.28205128205,53943.282051282054,0.573107659804268,0.24006744104978386,0.40658755042702593,0.21289262807014397,0.6468112602057966,0.31867961669620354,0.3630968603353156,0.7747941094330901,0.4914268543781195,0.6393624073637766,0.8855033924942151,0.7398065675708868,0.10657168353387253
1,oracle,32,0.1,23.666666666666668,32.0,21.846153846153847,1.0,0.1,8134.025641025641,58523.1282051282,0.036057682648481665,0.31781513791847205,0.17693641028347687,0.9952269053833146,0.580937771122411,0.7312477245628303,1.0,0.7096504534962663,0.8267920100036565,1.0,0.8364615608513836,0.9075956544396669,0.33451527181050583
1,oracle,32,0.25,23.666666666666668,32.0,21.846153846153847,1.0,0.25,20335.666666666668,58523.1282051282,0.07496817560532672,0.2738894242743431,0.1744287999398349,0.7776470509322242,0.6600905031319853,0.7088406941334623,0.9682387373937152,0.7661881802411924,0.8539094846130149,1.0,0.8632284658379924,0.9235099435248878,0.30821608429315156
1,oracle,32,0.5,23.666666666666668,32.0,21.846153846153847,1.0,0.5,40671.97435897436,58523.1282051282,0.1683882257585305,0.2517193880784316,0.21005380691848105,0.4018966248699914,0.6614119934690803,0.4953359870733768,0.6952230362026077,0.7797914641687578,0.7290297671654563,0.9695230356937105,0.8798647047688101,0.9211779731633465,0.18487758830713014
1,oracle,32,0.75,23.666666666666668,32.0,21.846153846153847,1.0,0.75,61008.0,58523.1282051282,0.31028317471610745,0.24646738450954622,0.2783752796128268,0.2679306701761384,0.6614119934690803,0.37828709481962247,0.46372187982872476,0.779801087864747,0.5770856185689092,0.8260484464493544,0.8830488323148078,0.8503259350642134,0.1317967246465248
1,oracle,32,0.9,23.666666666666668,32.0,21.846153846153847,1.0,0.9,73209.46153846153,58523.1282051282,0.4453839305111333,0.24545487711095368,0.34541940381104347,0.22327630182019684,0.6614119934690803,0.33137131286207694,0.38643616889571863,0.779801087864747,0.5129925479123653,0.6946337966869262,0.8830910617382514,0.7742266996320917,0.11243764167209769
1,oracle,32,1.0,23.666666666666668,32.0,21.846153846153847,1.0,1.0,81344.41025641025,58523.1282051282,0.6014538214178345,0.2450617825893308,0.4232578020035827,0.20094674218739716,0.6614119934690803,0.30607549355174113,0.34778924115187604,0.779801087864747,0.4776471945699618,0.6251646049198402,0.8830910617382514,0.728946999241919,0.10240990964218206
1,support,1,0.1,23.666666666666668,1.0,1.0,1.0,0.1,795.6153846153846,12895.948717948719,0.16785188710831994,1.2316816826902766,0.6997667848992982,0.6735744888840696,0.17853284364226865,0.27901467865653035,0.8088241718309903,0.27002143136443635,0.40083641375408524,0.9063339834696643,0.43501102798904856,0.5843435650291511,0.046341218985661375
1,support,1,0.25,23.666666666666668,1.0,1.0,1.0,0.25,1989.7435897435898,12895.948717948719,0.21431357223398328,0.7394600358138905,0.47688680402393696,0.5526185431307028,0.30240370218991486,0.38564508940244974,0.7214492078285334,0.45091786510985005,0.5491587847828309,0.883122359667525,0.6504209646642716,0.7448096409935037,0.08380209608054429
1,support,1,0.5,23.666666666666668,1.0,1.0,1.0,0.5,3980.076923076923,12895.948717948719,0.31048840112781445,0.4643014149807526,0.3873949080542835,0.4398207706548825,0.3747779364908467,0.399024247875904,0.6156953414570113,0.5400098312463177,0.5699700789219443,0.8223590493603959,0.7532068436510673,0.7830914206434141,0.10658691160203076
1,support,1,0.75,23.666666666666668,1.0,1.0,1.0,0.75,5970.051282051282,12895.948717948719,0.40759273607503693,0.4306410864162628,0.4191169112456499,0.36818543518817415,0.3982077839195743,0.3763939138129015,0.5420706897663204,0.5626428338770516,0.5450859529059757,0.7712755570957769,0.7704461774874334,0.7649465539494046,0.10826360901113852
1,support,1,0.9,23.666666666666668,1.0,1.0,1.0,0.9,7164.076923076923,12895.948717948719,0.4627234282320572,0.40116233710923305,0.4319428826706452,0.33266004364151874,0.4072710232774521,0.3597448777010649,0.5042714901581686,0.5752263693963485,0.5297520247389742,0.7424629196417758,0.7855620589477449,0.7560973529391932,0.10521526116157229
1,support,1,1.0,23.666666666666668,1.0,1.0,1.0,1.0,7960.666666666667,12895.948717948719,0.49682088567464405,0.387279206797334,0.442050046235989,0.3098247780188551,0.411471877300885,0.34698583875603894,0.4774781847410082,0.5827024827190035,0.5168930283227864,0.7206901000162105,0.7960560701895625,0.7484075931331816,0.10219153928944975
1,support,2,0.1,23.666666666666668,2.0,2.0,1.0,0.1,1643.8974358974358,22624.666666666668,0.22366605740156878,1.1041091195324646,0.6638875884670167,0.6828679818573317,0.2121468243574968,0.3218142397394864,0.7807680294556216,0.29703421944828695,0.42712573537993365,0.8743713056724138,0.467010742867281,0.6033491150728025,0.07061653490799255
1,support,2,0.25,23.666666666666668,2.0,2.0,1.0,0.25,4110.4358974358975,22624.666666666668,0.2549433670664644,0.6199489556081378,0.4374461613373011,0.5360347513483074,0.34402273062758,0.41653451559688964,0.680288199862323,0.47770425741351985,0.5577829209534289,0.8575625352672535,0.6779914635529453,0.7529759879132242,0.11020270954301424
1,support,2,0.5,23.666666666666668,2.0,2.0,1.0,0.5,8221.307692307691,22624.666666666668,0.3140103877982439,0.40978011944542314,0.3618952536218335,0.4181957065711632,0.42615708599286833,0.4197866759753569,0.5803286654165959,0.5746809736319046,0.5747067869091674,0.8089745625960397,0.7727060342522025,0.7870458507122816,0.12620594104771082
1,support,2,0.75,23.666666666666668,2.0,2.0,1.0,0.75,12331.948717948719,22624.666666666668,0.4036501091504511,0.37452692731803394,0.3890885182342425,0.35009094915984373,0.4558018780010137,0.3933907667128799,0.5104161787182845,0.6018555960264943,0.5491394326698418,0.7521169015104294,0.7948160941638732,0.7699673528273896,0.12378764802720599
1,support,2,0.9,23.666666666666668,2.0,2.0,1.0,0.9,14798.25641025641,22624.666666666668,0.4500665903770057,0.3606622986007115,0.40536444448885856,0.317731739531654,0.4701514953392861,0.3766143790406033,0.47540659014130515,0.6170996043808004,0.5337924424842562,0.7237519977452557,0.8060606330165064,0.7599149101230687,0.11939276747585807
1,support,2,1.0,23.666666666666668,2.0,2.0,1.0,1.0,16443.05128205128,22624.666666666668,0.4896648980378268,0.34427841049531044,0.4169716542665686,0.29569354956406013,0.4778544061660283,0.362823172993527,0.4505360227882952,0.6303713857601533,0.5223071047801012,0.7006685261995125,0.8190850553183457,0.7524984889171711,0.11484672473302143
1,support,4,0.1,23.666666666666668,4.0,4.0,1.0,0.1,2816.846153846154,34443.53846153846,0.20317414918704246,0.9910030623847796,0.5970886057859109,0.6783929666526886,0.242620845244124,0.35605170363616584,0.7866155074468946,0.3359563237017375,0.469067853566888,0.8853208057946467,0.5113427119505688,0.645034210158946,0.09283134939559644
1,support,4,0.25,23.666666666666668,4.0,4.0,1.0,0.25,7042.897435897436,34443.53846153846,0.24205741587647103,0.5205095171043518,0.38128346649041145,0.5236561469838877,0.39032637628587924,0.4455416733232069,0.684594501133964,0.5403989472882159,0.6018466825060838,0.8664807377804329,0.7319082752335445,0.7908991830723076,0.1352750236374919
1,support,4,0.5,23.666666666666668,4.0,4.0,1.0,0.5,14086.333333333334,34443.53846153846,0.3112082378415506,0.3245384734005138,0.3178733556210322,0.4024750456419751,0.48256052655272086,0.43722341079715377,0.576615422492348,0.6450137693450406,0.6068622167906853,0.8132851724283613,0.8316237357082906,0.8199738692780254,0.14406730833145565
1,support,4,0.75,23.666666666666668,4.0,4.0,1.0,0.75,21129.48717948718,34443.53846153846,0.39627680749101246,0.29175945141984316,0.3440181294554278,0.33102495473650523,0.519579861436412,0.4025737361618828,0.49953446059557693,0.6806508752264453,0.5738286227615179,0.7505038622023978,0.8526782927261587,0.7960178462185561,0.13379439382249883
1,support,4,0.9,23.666666666666668,4.0,4.0,1.0,0.9,25355.46153846154,34443.53846153846,0.4472710964048844,0.27611118556963465,0.3616911409872595,0.300779690986182,0.5395216754452898,0.3844241150429733,0.4640077257396447,0.7004032113201736,0.55586205832956,0.7191035256746893,0.8643759192191129,0.7827165228229309,0.1276980763173207
1,support,4,1.0,23.666666666666668,4.0,4.0,1.0,1.0,28173.23076923077,34443.53846153846,0.47982558752959587,0.2574957025000542,0.36866064501482504,0.2826221453408759,0.5543206251151918,0.3726520641585232,0.4432023565798509,0.7207849455164241,0.5467491746327189,0.7012787521933791,0.8787234176321763,0.7778105892271886,0.12308988510473096
1,support,8,0.1,23.666666666666668,8.0,8.0,1.0,0.1,4609.948717948718,43985.61538461538,0.21884336506764676,1.0162604707094547,0.6175519178885507,0.6353303535221457,0.27169452340046507,0.37906789150338965,0.7642550822040107,0.3642755696960172,0.49063650585555724,0.88067078424609,0.5172561632194622,0.6467414419225986,0.11420962846750704
1,support,8,0.25,23.666666666666668,8.0,8.0,1.0,0.25,11525.641025641025,43985.61538461538,0.26549717909989073,0.528993445885468,0.39724531249267936,0.4664234525501951,0.4129857820908025,0.43631276366480154,0.6411773734092743,0.5448479916221285,0.585878540696149,0.8518409483035863,0.7109854778002256,0.7716591272381492,0.14465259080113418
1,support,8,0.5,23.666666666666668,8.0,8.0,1.0,0.5,23051.76923076923,43985.61538461538,0.3484038060772319,0.3212245020366159,0.3348141540569239,0.3440495032405261,0.5114917016177588,0.40966983518650635,0.52252075192188,0.6656188286317588,0.5826578727734213,0.7832807531759725,0.8329357194287204,0.8048030985202059,0.13938264136834322
1,support,8,0.75,23.666666666666668,8.0,8.0,1.0,0.75,34577.61538461538,43985.61538461538,0.443683016714717,0.28490060119183425,0.3642918089532756,0.2797965507977857,0.5584535411738931,0.3711487425210784,0.446396137606682,0.7042177601722909,0.5436595932012036,0.7161256091807499,0.8548314626751153,0.776953672052777,0.12511767216903658
1,support,8,0.9,23.666666666666668,8.0,8.0,1.0,0.9,41493.10256410256,43985.61538461538,0.498191294947878,0.2711351051890603,0.3846632000684691,0.25467507797741695,0.5858924459389322,0.35337527199302354,0.41431190578836063,0.7274995035577064,0.5251593226467635,0.6854061992780572,0.8658872648300988,0.7624883284368582,0.11827021521565036
1,support,8,1.0,23.666666666666668,8.0,8.0,1.0,1.0,46104.0,43985.61538461538,0.5392045952735202,0.25047207996215104,0.39483833761783554,0.23896699894807588,0.6054475311101486,0.3411731348605021,0.39407419949441,0.7542126996289643,0.5151312314147918,0.6644806922950169,0.8841235160226493,0.7562638142576653,0.11301994957473362
1,support,16,0.1,23.666666666666668,16.0,15.692307692307692,1.0,0.1,6780.153846153846,53943.282051282054,0.2281231327817246,1.0513797708791224,0.6397514518304234,0.5867249422548492,0.28330493419113667,0.3805488518331012,0.7386063173962762,0.36819675902452265,0.4887087026541393,0.8789786522024412,0.5008328192201529,0.6337451488455328,0.1277817589554703
1,support,16,0.25,23.666666666666668,16.0,15.692307692307692,1.0,0.25,16950.94871794872,53943.282051282054,0.27954423442302273,0.5301165775140342,0.4048304059685285,0.4252087084590547,0.42175268536020194,0.42128904998729283,0.6124957849685827,0.5412706399021882,0.5712114313230594,0.8426540893515261,0.7047464607533986,0.7640104098564864,0.14959813632489632
1,support,16,0.5,23.666666666666668,16.0,15.692307692307692,1.0,0.5,33902.38461538462,53943.282051282054,0.37945012053726435,0.3181412405238396,0.34879568053055193,0.3072237823292242,0.5318495129784495,0.3873036971468641,0.4859188155606101,0.6741541699463565,0.5612085588110554,0.7619470691332665,0.8325272065750428,0.7927698086600911,0.1357675149686097
1,support,16,0.75,23.666666666666668,16.0,15.692307692307692,1.0,0.75,50853.5641025641,53943.282051282054,0.47413475171431374,0.2723828097299075,0.3732587807221106,0.24878970189315922,0.5901097094718639,0.3481510316803123,0.4124503044563832,0.7276203101524675,0.5234250831519375,0.6944733204769716,0.8627322979343046,0.7671302825553552,0.11906014114286918
1,support,16,0.9,23.666666666666668,16.0,15.692307692307692,1.0,0.9,61024.307692307695,53943.282051282054,0.5316889321307893,0.2585483066406334,0.39511861938571136,0.22616654582084947,0.6219015974253872,0.32987333807369357,0.38155283983627764,0.748566626893839,0.5022528282647845,0.6606695216658325,0.872217249856985,0.748973579527736,0.11156565329415545
1,support,16,1.0,23.666666666666668,16.0,15.692307692307692,1.0,1.0,67805.28205128205,53943.282051282054,0.573107659804268,0.24006744104978386,0.40658755042702593,0.21289262807014397,0.6468112602057966,0.31867961669620354,0.3630968603353156,0.7747941094330901,0.4914268543781195,0.6393624073637766,0.8855033924942151,0.7398065675708868,0.10657168353387253
1,support,32,0.1,23.666666666666668,32.0,21.846153846153847,1.0,0.1,8134.025641025641,58523.1282051282,0.2287806960347408,1.0708234966225667,0.6498020963286537,0.5699028217943611,0.287466495569353,0.3799139063990337,0.7314666002343484,0.3687427505709013,0.48735071588018697,0.8794978705542648,0.4944037982562408,0.6295446356909985,0.13289193247575606
1,support,32,0.25,23.666666666666668,32.0,21.846153846153847,1.0,0.25,20335.666666666668,58523.1282051282,0.2868230167023496,0.5405353822589739,0.41367919948066173,0.4069675133983022,0.426562314943988,0.41346834878688893,0.5986200825323601,0.53866708936314,0.5634742590247422,0.8371847326745745,0.6983569893884641,0.7580209306085712,0.15007758238627172
1,support,32,0.5,23.666666666666668,32.0,21.846153846153847,1.0,0.5,40671.97435897436,58523.1282051282,0.40040972293036087,0.32718431857833014,0.3637970207543455,0.2914707186769444,0.5412157836884285,0.37582509348781196,0.4700484778192832,0.6765364918686223,0.5504848750931196,0.7501702077925329,0.8276821438438299,0.7840717628192996,0.1327383308434061
1,support,32,0.75,23.666666666666668,32.0,21.846153846153847,1.0,0.75,61008.0,58523.1282051282,0.49948985541435137,0.2766548581443781,0.38807235677936475,0.2346657114844745,0.6023171836741047,0.3351893175690605,0.39558990171549147,0.7332891834715448,0.5103530957325615,0.6802705216138876,0.8615589459656661,0.7575428147045417,0.1148250845221778
1,support,32,0.9,23.666666666666668,32.0,21.846153846153847,1.0,0.9,73209.46153846153,58523.1282051282,0.561091990770574,0.26327192036178165,0.41218195556617787,0.2130287984538176,0.6346838863615488,0.3165843268535898,0.3648948961545377,0.7538119037543282,0.488107281903832,0.6450977979564977,0.8702433053134987,0.7377016205763898,0.10708579506307114
1,support,32,1.0,23.666666666666668,32.0,21.846153846153847,1.0,1.0,81344.41025641025,58523.1282051282,0.6014538214178347,0.2450617825893308,0.42325780200358265,0.20094674218739716,0.6614119934690803,0.30607549355174113,0.34778924115187604,0.779801087864747,0.4776471945699618,0.6251646049198402,0.8830910617382514,0.728946999241919,0.10240990964218206
2,oracle,1,0.1,23.666666666666668,1.0,1.0,2.0,0.1,933.8461538461538,14966.923076923076,0.027464612114305034,0.567966569930706,0.29771559102250555,1.0,0.24424636724582277,0.3916695980362542,1.0,0.37333463118248683,0.5421957842743803,1.0,0.627170859188656,0.7683813903453125,0.09913062579310254
2,oracle,1,0.25,23.666666666666668,1.0,1.0,2.0,0.25,2335.3846153846152,14966.923076923076,0.045925240219434824,0.4744661802952726,0.2601957102573537,0.9634656294615618,0.389408533230517,0.5532445045602034,0.9992402066637874,0.4995978128414821,0.6640976083790127,1.0,0.7028027285123865,0.8232077224340845,0.17721522358408612
2,oracle,1,0.5,23.666666666666668,1.0,1.0,2.0,0.5,4671.25641025641,14966.923076923076,0.09814706179342794,0.39810738502601956,0.24812722340972376,0.6367011030983901,0.43514200368643996,0.5137125015851425,0.890349883759481,0.5807133162478684,0.7007827024106205,0.998780331749764,0.7685131751920112,0.8664059091905792,0.16169899619476766
2,oracle,1,0.75,23.666666666666668,1.0,1.0,2.0,0.75,7006.871794871795,14966.923076923076,0.1990606145268782,0.36955624314709,0.28430842883698415,0.42446751708825203,0.43514200368643996,0.4269437402314965,0.6326545497434357,0.5879440198808096,0.6063813408630756,0.9129794146150332,0.7944160976955367,0.8479045419871792,0.13290502452931233
2,oracle,1,0.9,23.666666666666668,1.0,1.0,2.0,0.9,8408.25641025641,14966.923076923076,0.30643377974759656,0.3652782437342237,0.3358560117409101,0.3537215376223689,0.43514200368643996,0.3877230264687846,0.5272103975058873,0.5879440198808096,0.5531064047471268,0.7944285646692538,0.7968330180774935,0.7931442460509119,0.1200961620457193
2,oracle,1,1.0,23.666666666666668,1.0,1.0,2.0,1.0,9342.97435897436,14966.923076923076,0.43370734101229175,0.36473692780693695,0.39922213440961435,0.31833315097944354,0.43514200368643996,0.3653551405210601,0.47446484601305255,0.5879440198808096,0.52250794611078,0.71496356634108,0.7968330180774935,0.7513335235574301,0.11284755927482622
2,oracle,2,0.1,23.666666666666668,2.0,2.0,2.0,0.1,1381.4615384615386,19025.410256410258,0.03110260161058794,0.5616745923248673,0.29638859696772757,1.0,0.2977340772258975,0.45697866621168376,1.0,0.43390662385896434,0.6021635850263751,1.0,0.6629728584946372,0.793872123502939,0.12346615797529638
2,oracle,2,0.25,23.666666666666668,2.0,2.0,2.0,0.25,3454.3076923076924,19025.410256410258,0.05780730096793345,0.4723778603110891,0.26509258063951124,0.893870652390203,0.41801425718343893,0.5649170494795743,0.9796948689238132,0.5397190597557366,0.6931043806848004,1.0,0.725980582857701,0.8386371107658598,0.18941088030763753
2,oracle,2,0.5,23.666666666666668,2.0,2.0,2.0,0.5,6909.076923076923,19025.410256410258,0.13449087956326594,0.4072592847527356,0.27087508215800077,0.5643167804663676,0.4488031578375393,0.4930738832748665,0.8265706238630094,0.6041491521673072,0.6915442386450494,0.9646663125851465,0.7819332324560383,0.861899717348523,0.1586265277829159
2,oracle,2,0.75,23.666666666666668,2.0,2.0,2.0,0.75,10363.615384615385,19025.410256410258,0.26007929083542974,0.38080198577125013,0.32044063830333996,0.37621381632941614,0.4488031578375393,0.403794281629063,0.5938143223008051,0.609874226149069,0.5951065835899058,0.8771987112953172,0.8052552114824563,0.8353614453682883,0.12646989043009452
2,oracle,2,0.9,23.666666666666668,2.0,2.0,2.0,0.9,12436.333333333334,19025.410256410258,0.3856259598429705,0.37469693668213677,0.3801614482625536,0.3135090685993083,0.4488031578375393,0.36434546035781223,0.49484182728905296,0.609874226149069,0.540491613546431,0.77553202654974,0.8073702370277634,0.7852832457887123,0.11277383708735282
2,oracle,2,1.0,23.666666666666668,2.0,2.0,2.0,1.0,13818.692307692309,19025.410256410258,0.5197573337946981,0.3738342527994894,0.44679579329709374,0.2821465689221731,0.4488031578375393,0.3420890151222493,0.4453392915641442,0.609874226149069,0.5093570291235066,0.6983843052972752,0.8073702370277634,0.7434100335299759,0.1051838733970926
2,oracle,4,0.1,23.666666666666668,4.0,4.0,2.0,0.1,2745.25641025641,31511.333333333332,0.030162537336103003,0.43470400538273113,0.2324332713594171,1.0,0.3852627633833198,0.5552203330895809,1.0,0.5408130719795254,0.7001967980961817,1.0,0.7512746793696882,0.8553676461284828,0.17396471799922555
2,oracle,4,0.25,23.666666666666668,4.0,4.0,2.0,0.25,6863.7692307692305,31511.333333333332,0.054949430240881156,0.36102087898690627,0.20798515461389372,0.9046647559653251,0.513197384105171,0.6535472260339606,0.9983316268830419,0.6413918900877879,0.7792342118618918,1.0,0.7987470462075904,0.885904105031947,0.24762347560640557
2,oracle,4,0.5,23.666666666666668,4.0,4.0,2.0,0.5,13728.076923076924,31511.333333333332,0.12818946924615654,0.3146074470946748,0.22139845817041567,0.5276188413046076,0.5307297171998382,0.5260357012399971,0.8044471671937886,0.6859354417491904,0.7374170395113605,0.9870983267306059,0.8365771261329613,0.9040591711128224,0.18249292522157715
2,oracle,4,0.75,23.666666666666668,4.0,4.0,2.0,0.75,20592.076923076922,31511.333333333332,0.24677405956418325,0.30174142884051464,0.27425774420234894,0.35174672249461725,0.5307297171998382,0.4206986511610691,0.5600165248230022,0.6877349026407723,0.6133634074304865,0.8744837987881265,0.847706105577213,0.8587158658546753,0.13987119526691755
2,oracle,4,0.9,23.666666666666668,4.0,4.0,2.0,0.9,24710.51282051282,31511.333333333332,0.3676355860270442,0.2997523399967154,0.3336939630118798,0.2931219565859268,0.5307297171998382,0.3756268696176712,0.4666799978768324,0.6877349026407723,0.5525655384477093,0.7562000553709973,0.8484492190712791,0.7962909999223472,0.12268984953158245
2,oracle,4,1.0,23.666666666666668,4.0,4.0,2.0,1.0,27456.666666666668,31511.333333333332,0.5109146894731793,0.2995465179531192,0.40523060371314923,0.26380416403882184,0.5307297171998382,0.3505946657687988,0.42000309827007315,0.6877349026407723,0.5183311564243466,0.6807759154392002,0.8484515163797527,0.7522440731168901,0.11340351308623262
2,oracle,8,0.1,23.666666666666668,8.0,8.0,2.0,0.1,4518.589743589743,43311.38461538462,0.031578789250485614,0.3381467384671455,0.18486276385881556,1.0,0.4771916354437653,0.6450712330939535,1.0,0.6390564666822274,0.7780843939978949,1.0,0.8161900539268869,0.8966765684569353,0.23651230837854662
2,oracle,8,0.25,23.666666666666668,8.0,8.0,2.0,0.25,11297.23076923077,43311.38461538462,0.059485648546441165,0.2816068338142782,0.1705462411803597,0.8749941889930375,0.5977291352466195,0.7086395199031028,0.9978440260911413,0.7264793961339673,0.839148631621608,1.0,0.8528404674853598,0.918731930132122,0.2906521698810923
2,oracle,8,0.5,23.666666666666668,8.0,8.0,2.0,0.5,22594.923076923078,43311.38461538462,0.13602156952618702,0.2526477208657068,0.1943346451959469,0.4869016618708251,0.6063586586393261,0.5365762535494533,0.7815719562490381,0.7561391027320418,0.7648364074370696,0.9860989212894182,0.8790595169017331,0.9283246531058814,0.1947675962838768
2,oracle,8,0.75,23.666666666666668,8.0,8.0,2.0,0.75,33892.333333333336,43311.38461538462,0.2602818947920307,0.2451222879909278,0.25270209139147926,0.3246020964208181,0.6063586586393261,0.4203137882442625,0.5336783837117482,0.7569229805930061,0.6218850173928855,0.8662190563368097,0.885705399423939,0.8734393603286512,0.1441443993709814
2,oracle,8,0.9,23.666666666666668,8.0,8.0,2.0,0.9,40670.846153846156,43311.38461538462,0.38428909660175575,0.24409146163027545,0.3141902791160156,0.2705010238051313,0.6063586586393261,0.3720097440649903,0.4447307505283041,0.7569229805930061,0.5567426981647026,0.7423518763453005,0.8859499347240757,0.8044709383013822,0.12470558297804064
2,oracle,8,1.0,23.666666666666668,8.0,8.0,2.0,1.0,45190.38461538462,43311.38461538462,0.5306138862787884,0.24370908207022046,0.38716148417450436,0.24344796799342197,0.6063586586393261,0.3455457003210425,0.40025285418415546,0.7569229805930061,0.5204203862668566,0.6681085596553114,0.8859499347240757,0.7586461884898262,0.11441953765862956
2,oracle,16,0.1,23.666666666666668,16.0,15.692307692307692,2.0,0.1,6739.666666666667,52950.05128205128,0.034618499002050815,0.3171158309140113,0.17586716495803104,1.0,0.553391986788942,0.7111060726620451,1.0,0.6953885260248863,0.817822273456923,1.0,0.8365264884037062,0.9080774257010367,0.30548146643021157
2,oracle,16,0.25,23.666666666666668,16.0,15.692307692307692,2.0,0.25,16849.79487179487,52950.05128205128,0.07053422864927635,0.26908917045288955,0.16981169955108294,0.8084963972513544,0.6455262595471901,0.7145757052913152,0.9739288430064169,0.7608692680551429,0.8531020483778418,1.0,0.8665888385314292,0.9259105973524424,0.3052409618899435
2,oracle,16,0.5,23.666666666666668,16.0,15.692307692307692,2.0,0.5,33700.179487179485,52950.05128205128,0.15947136633554737,0.24596371096502723,0.2027175386502873,0.42282959186096447,0.647664762385841,0.5079833760422813,0.7223238146541833,0.7777826712913611,0.7434512446398364,0.9720620920951611,0.885463001159635,0.9256994321760499,0.1876318397741674
2,oracle,16,0.75,23.666666666666668,16.0,15.692307692307692,2.0,0.75,50550.333333333336,52950.05128205128,0.2951328128794743,0.24021521291002573,0.26767401289475007,0.28188559380963946,0.647664762385841,0.3903366374523393,0.4829179286054296,0.7778183742410457,0.5915555024982996,0.8403319091471791,0.8890662146408371,0.8608446123726796,0.13496305142107004
2,oracle,16,0.9,23.666666666666668,16.0,15.692307692307692,2.0,0.9,60660.38461538462,52950.05128205128,0.42630288307456593,0.2393361359076602,0.33281950949111305,0.23490482311112992,0.647664762385841,0.3427620385338288,0.40243191040410026,0.7778183742410457,0.5267767184964683,0.7095736444480192,0.8891225896963243,0.7857830014794421,0.11551481852399867
2,oracle,16,1.0,23.666666666666668,16.0,15.692307692307692,2.0,1.0,67400.89743589744,52950.05128205128,0.579680271520535,0.23898173454415386,0.4093310030323445,0.211412526346898,0.647664762385841,0.31701266942744144,0.36218559742578743,0.7778183742410457,0.49095585228662114,0.638610877065762,0.8891225896963243,0.7401030526550705,0.10539062622197824
2,oracle,32,0.1,23.666666666666668,32.0,21.846153846153847,2.0,0.1,8121.820512820513,58434.205128205125,0.03609849698627697,0.3182244735738294,0.17716148528005318,0.9942145378074767,0.5800518078442565,0.730359427335479,1.0,0.7087125971552032,0.8261404103415294,1.0,0.8363686218649306,0.9074436069625466,0.3340034600936537
2,oracle,32,0.25,23.666666666666668,32.0,21.846153846153847,2.0,0.25,20305.153846153848,58434.205128205125,0.07501551103112646,0.27370190567787206,0.17435870835449926,0.7778973879014422,0.6592666495448272,0.7085387007962929,0.9679122996939228,0.765652117159996,0.8534814073865635,1.0,0.863454018246176,0.9235396499971955,0.3078897815056689
2,oracle,32,0.5,23.666666666666668,32.0,21.846153846153847,2.0,0.5,40610.94871794872,58434.205128205125,0.16836340670900568,0.25148521780021227,0.20992431225460897,0.4017827300833567,0.660582754821649,0.4950597122256416,0.6954345433341808,0.7794151797904055,0.7291265730115496,0.969296178675734,0.8802185078761872,0.921286280673825,0.18470585693968752
2,oracle,32,0.75,23.666666666666668,32.0,21.846153846153847,2.0,0.75,60916.41025641026,58434.205128205125,0.30980041377571815,0.24622556397226406,0.2780129888739911,0.26785491952731316,0.660582754821649,0.37810396327124,0.46386321392612284,0.7794248034863948,0.5771972166326825,0.8268081102756744,0.8834410674001217,0.8509835258143608,0.1316838332070661
2,oracle,32,0.9,23.666666666666668,32.0,21.846153846153847,2.0,0.9,73099.61538461539,58434.205128205125,0.4444524412639952,0.2452129850302462,0.34483271314712066,0.22321298378073365,0.660582754821649,0.3312198994457632,0.38655361289175666,0.7794248034863948,0.5131023493275886,0.6952923390267808,0.8834832968235651,0.7748525634132388,0.11234387282109885
2,oracle,32,1.0,23.666666666666668,32.0,21.846153846153847,2.0,1.0,81222.35897435897,58434.205128205125,0.6002694067359007,0.24481989050862332,0.42254464862226204,0.2008897830133236,0.660582754821649,0.30594014077862103,0.3478949840277424,0.7794248034863948,0.4777545529731589,0.6257573536475707,0.8834832968235651,0.7295444464731251,0.10232570122846979
2,support,1,0.1,23.666666666666668,1.0,1.0,2.0,0.1,933.8461538461538,14966.923076923076,0.20763310611751834,1.1711628159529033,0.6893979610352108,0.6632489732974204,0.1832835219510768,0.2856046651843391,0.7752620456926625,0.2676501765963035,0.39584644400686597,0.8791227999718927,0.4272251551158911,0.5717012093511974,0.0521771433246284
2,support,1,0.25,23.666666666666668,1.0,1.0,2.0,0.25,2335.3846153846152,14966.923076923076,0.23718748176424798,0.662364570902138,0.44977602633319297,0.5498966296719424,0.31375317708846245,0.397552963364402,0.6952265859001404,0.45148335112020177,0.5448106818405407,0.8658794082480756,0.6615516156492659,0.7467016493130731,0.09420435732625011
2,support,1,0.5,23.666666666666668,1.0,1.0,2.0,0.5,4671.25641025641,14966.923076923076,0.2984789483680826,0.434296187792081,0.36638756808008177,0.44868459834446783,0.39507530158138243,0.41808067154054196,0.6068949443030424,0.5454739216887197,0.5722605787309946,0.8167013481326063,0.7544418029420579,0.7817372962684617,0.12032053731734556
2,support,1,0.75,23.666666666666668,1.0,1.0,2.0,0.75,7006.871794871795,14966.923076923076,0.35868075675355254,0.3984490036884522,0.3785648802210024,0.3770448072462793,0.4187203459385087,0.3943703785515356,0.5366447148221463,0.5673168445371534,0.548714851184163,0.7675300219973115,0.7737562719337162,0.7678682197754082,0.11978431606091143
2,support,1,0.9,23.666666666666668,1.0,1.0,2.0,0.9,8408.25641025641,14966.923076923076,0.4000697659381899,0.38011990236624876,0.39009483415221935,0.3426837094192581,0.43005935310960425,0.3790944768266184,0.5011946225290717,0.5793347068881405,0.5347168512949138,0.7370879753023833,0.784832812865611,0.7576860955422503,0.11661599348160849
2,support,1,1.0,23.666666666666668,1.0,1.0,2.0,1.0,9342.97435897436,14966.923076923076,0.43370734101229175,0.36473692780693695,0.39922213440961435,0.31833315097944354,0.43514200368643996,0.3653551405210601,0.47446484601305255,0.5879440198808096,0.52250794611078,0.71496356634108,0.7968330180774935,0.7513335235574301,0.11284755927482622
2,support,2,0.1,23.666666666666668,2.0,2.0,2.0,0.1,1381.4615384615386,19025.410256410258,0.17648864558454871,1.23466355904562,0.7055761023150844,0.6687552081335111,0.19981493975248832,0.3043651767457544,0.8050969309449314,0.2875785714749725,0.41966778131511817,0.903449912465882,0.44225168254199076,0.5893644343694137,0.06154233142301518
2,support,2,0.25,23.666666666666668,2.0,2.0,2.0,0.25,3454.3076923076924,19025.410256410258,0.2280014692108295,0.733382891469346,0.4806921803400877,0.5255777173318346,0.3256572153438601,0.39719897095823237,0.7007621349948082,0.46339697094485033,0.5532626181477232,0.8754682827190846,0.6510976393809614,0.7439076110914952,0.10070066079607895
2,support,2,0.5,23.666666666666668,2.0,2.0,2.0,0.5,6909.076923076923,19025.410256410258,0.32598318206842036,0.4432330213473607,0.38460810170789056,0.40411912713406456,0.4017627159126764,0.3981727276842976,0.5860907095910539,0.5585935505383457,0.567580651315962,0.8099994050685903,0.7614893245174351,0.7821535802699676,0.11614266473705272
2,support,2,0.75,23.666666666666668,2.0,2.0,2.0,0.75,10363.615384615385,19025.410256410258,0.4253817126400051,0.4077593211279996,0.4165705168840023,0.3363832420452473,0.43029630295187377,0.37300897203778527,0.5103584711895278,0.5836351799263059,0.539333745136104,0.7534827201702934,0.7800758116159586,0.7621179527968628,0.11392650803446203
2,support,2,0.9,23.666666666666668,2.0,2.0,2.0,0.9,12436.333333333334,19025.410256410258,0.4825574812844863,0.38807186271720695,0.4353146720008466,0.30279219964531345,0.442358717454841,0.35511063918110763,0.47090975329813917,0.599644078922396,0.5222459672186558,0.7213255399892587,0.7951097213550754,0.7512233627584066,0.10907916780702888
2,support,2,1.0,23.666666666666668,2.0,2.0,2.0,1.0,13818.692307692309,19025.410256410258,0.5197573337946981,0.3738342527994894,0.44679579329709374,0.2821465689221731,0.4488031578375393,0.3420890151222493,0.4453392915641442,0.609874226149069,0.5093570291235066,0.6983843052972752,0.8073702370277634,0.7434100335299759,0.1051838733970926
2,support,4,0.1,23.666666666666668,4.0,4.0,2.0,0.1,2745.25641025641,31511.333333333332,0.22425368391657416,1.0974628600835359,0.660858272000055,0.6614775976951811,0.23912312416259404,0.3497671700463349,0.7687172909456346,0.32745210379835327,0.457150392302827,0.8745116446979057,0.48187022279579306,0.6178220630435383,0.09000911959705502
2,support,4,0.25,23.666666666666668,4.0,4.0,2.0,0.25,6863.7692307692305,31511.333333333332,0.26259752627840083,0.6005324079266102,0.43156496710250547,0.5000551600158174,0.3734618809380367,0.4259163619000273,0.6588502503472555,0.505511439351465,0.5698198700934985,0.8516594009869204,0.6793899435704142,0.7527602740906675,0.12670281311850481
2,support,4,0.5,23.666666666666668,4.0,4.0,2.0,0.5,13728.076923076924,31511.333333333332,0.33835425043973516,0.37298534241412634,0.3556697964269308,0.37677667367464146,0.4613462068618788,0.4131351613232731,0.5471970526048335,0.6127688313020048,0.5754918449182684,0.7896794760040314,0.7929984804956044,0.7881050472426002,0.13210353205087064
2,support,4,0.75,23.666666666666668,4.0,4.0,2.0,0.75,20592.076923076922,31511.333333333332,0.4200376144442744,0.33203380778752745,0.3760357111159009,0.31201171328662614,0.49949503291865877,0.38222225755237793,0.47791520768653417,0.6493109418209346,0.5474852261014673,0.7331356581596344,0.8198700228309002,0.7710098401915925,0.1246100789268128
2,support,4,0.9,23.666666666666668,4.0,4.0,2.0,0.9,24710.51282051282,31511.333333333332,0.4711268980225238,0.31851414290104924,0.3948205204617865,0.28251450941957473,0.518802338594387,0.3639021571429136,0.44295123367590694,0.6693620000605834,0.5298541719072503,0.7028876956280853,0.831403504361229,0.7585486062217254,0.11863570346381422
2,support,4,1.0,23.666666666666668,4.0,4.0,2.0,1.0,27456.666666666668,31511.333333333332,0.5109146894731793,0.2995465179531192,0.40523060371314923,0.26380416403882184,0.5307297171998382,0.3505946657687988,0.42000309827007315,0.6877349026407723,0.5183311564243466,0.6807759154392002,0.8484515163797527,0.7522440731168901,0.11340351308623262
2,support,8,0.1,23.666666666666668,8.0,8.0,2.0,0.1,4518.589743589743,43311.38461538462,0.2149215909054086,1.0493523625833368,0.6321369767443726,0.633650508799822,0.2672892484476335,0.37436151539531964,0.7679572265325559,0.35672766959665214,0.484754202973296,0.8837999785447679,0.5042155908126006,0.6384561083977918,0.11080461490199826
2,support,8,0.25,23.666666666666668,8.0,8.0,2.0,0.25,11297.23076923077,43311.38461538462,0.26275026288302367,0.5171681035047188,0.3899591831938712,0.4701041937917394,0.4102142156912931,0.4360639287959586,0.6484770076857709,0.5423934288212056,0.5875260174494631,0.8530111670702141,0.7103538121011932,0.7721089729038481,0.14291950348488208
2,support,8,0.5,23.666666666666668,8.0,8.0,2.0,0.5,22594.923076923078,43311.38461538462,0.34579193158205684,0.3130794137597532,0.329435672670905,0.34994550278748277,0.5113421434634852,0.4133075762329326,0.529483824165605,0.6656919338474676,0.5865425755975694,0.7848470432085002,0.8342970648490586,0.8060564850805843,0.14077320654602873
2,support,8,0.75,23.666666666666668,8.0,8.0,2.0,0.75,33892.333333333336,43311.38461538462,0.43851136548569075,0.2763671518469841,0.3574392586663374,0.2849546935085747,0.5583214362743651,0.3753105191964761,0.45329646271394924,0.7073763070619511,0.5493844238919129,0.721226968462702,0.8587553953218993,0.7813411733980613,0.12655016190888543
2,support,8,0.9,23.666666666666668,8.0,8.0,2.0,0.9,40670.846153846156,43311.38461538462,0.4959345970947146,0.26323408393366393,0.37958434051418927,0.25867335227656,0.5865859811803752,0.3570231436372971,0.41974918802339345,0.7317518414846943,0.5301923090379212,0.6877184124017334,0.8690828913711465,0.7647924693156077,0.11935379492257901
2,support,8,1.0,23.666666666666668,8.0,8.0,2.0,1.0,45190.38461538462,43311.38461538462,0.5306138862787884,0.24370908207022046,0.38716148417450436,0.24344796799342197,0.6063586586393261,0.3455457003210425,0.40025285418415546,0.7569229805930061,0.5204203862668566,0.6681085596553114,0.8859499347240757,0.7586461884898262,0.11441953765862956
2,support,16,0.1,23.666666666666668,16.0,15.692307692307692,2.0,0.1,6739.666666666667,52950.05128205128,0.22934615551508086,1.077483576546139,0.6534148660306099,0.5845718865512975,0.2815718823268429,0.37828109338158555,0.7385454666517003,0.3631387611768594,0.484361704545808,0.8773355191618725,0.4915591472511559,0.6266585199231695,0.12629286371879186
2,support,16,0.25,23.666666666666668,16.0,15.692307692307692,2.0,0.25,16849.79487179487,52950.05128205128,0.28356283289724316,0.5405860503320624,0.4120744416146528,0.4210875344536572,0.4178475051140528,0.4170998267931691,0.6094404282454656,0.534698081280024,0.5661981675306144,0.8391862376627449,0.6995288692034867,0.759140492965975,0.14793251312299466
2,support,16,0.5,23.666666666666668,16.0,15.692307692307692,2.0,0.5,33700.179487179485,52950.05128205128,0.38506507948032964,0.3202516813732025,0.35265838042676606,0.30354364308939435,0.5297033195839155,0.3836324051196678,0.4827173304857181,0.674680368685771,0.5590425521725215,0.7583716709540536,0.832383040463012,0.7906059335830428,0.1338753008266355
2,support,16,0.75,23.666666666666668,16.0,15.692307692307692,2.0,0.75,50550.333333333336,52950.05128205128,0.48705848890809406,0.27332623132757794,0.380192360117836,0.24613347420389062,0.5888059091905296,0.34517312689826257,0.4094862778736377,0.7277675773255785,0.5207944497663787,0.6902936207685956,0.8640282975480152,0.7646369663860573,0.11727304270552362
2,support,16,0.9,23.666666666666668,16.0,15.692307692307692,2.0,0.9,60660.38461538462,52950.05128205128,0.5447237196853605,0.25748840623736835,0.4011060629613644,0.22408202758644755,0.6220726250306085,0.32758049194063604,0.37946448545354766,0.7508138660608072,0.5007191680521111,0.6577481669807494,0.8746701258621584,0.7475567619085566,0.11009892432640846
2,support,16,1.0,23.666666666666668,16.0,15.692307692307692,2.0,1.0,67400.89743589744,52950.05128205128,0.579680271520535,0.23898173454415386,0.4093310030323445,0.211412526346898,0.647664762385841,0.31701266942744144,0.36218559742578743,0.7778183742410457,0.49095585228662114,0.638610877065762,0.8891225896963243,0.7401030526550705,0.10539062622197824
2,support,32,0.1,23.666666666666668,32.0,21.846153846153847,2.0,0.1,8121.820512820513,58434.205128205125,0.22944759913687043,1.0734881636892517,0.6514678814130611,0.5689177985458242,0.28673954733380985,0.37905469114429047,0.7307925698544435,0.36718109670622806,0.48601586877451286,0.8793428293212917,0.49291559330780627,0.6285354799571726,0.13263166076875674
2,support,32,0.25,23.666666666666668,32.0,21.846153846153847,2.0,0.25,20305.153846153848,58434.205128205125,0.2870029110779102,0.5438202874478777,0.41541159926289395,0.4066180075853663,0.42569020990082423,0.4129117774249953,0.5984030518577251,0.5378091835478643,0.5629496233876231,0.8374218888115916,0.697989640408778,0.7577761128661299,0.14996319435183628
2,support,32,0.5,23.666666666666668,32.0,21.846153846153847,2.0,0.5,40610.94871794872,58434.205128205125,0.40048343238537293,0.32747609935891875,0.3639797658721458,0.290981319021613,0.539752329319624,0.3751087357435751,0.46952701581967476,0.6751002265686906,0.5497485715261917,0.7502739196147034,0.8270581876286531,0.7839182717972508,0.13246555024293713
2,support,32,0.75,23.666666666666668,32.0,21.846153846153847,2.0,0.75,60916.41025641026,58434.205128205125,0.5000753568477402,0.27739692699049645,0.38873614191911837,0.23470965848627393,0.6013805828102751,0.3351037650223894,0.39590155291076967,0.7324357497317707,0.5104604510228111,0.6809721666805163,0.8609427405266457,0.7578038193541013,0.11476021290057299
2,support,32,0.9,23.666666666666668,32.0,21.846153846153847,2.0,0.9,73099.61538461539,58434.205128205125,0.5597919739089843,0.2632775465171224,0.41153476021305335,0.21305758905338879,0.6338928309626066,0.3165321870159188,0.36512077645938434,0.7533876874939807,0.48826449062395044,0.6457875356821265,0.8704185657441912,0.738257745608086,0.10704715542056285
2,support,32,1.0,23.666666666666668,32.0,21.846153846153847,2.0,1.0,81222.35897435897,58434.205128205125,0.6002694067359007,0.24481989050862332,0.42254464862226204,0.2008897830133236,0.660582754821649,0.30594014077862103,0.3478949840277424,0.7794248034863948,0.4777545529731589,0.6257573536475707,0.8834832968235651,0.7295444464731251,0.10232570122846979
