scene,ranking,N_req,frac,n_steps,N_req,N,seed,frac,n_pred,n_ref,acc,comp,chamfer,precision@0.1,recall@0.1,f1@0.1,precision@0.2,recall@0.2,f1@0.2,precision@0.5,recall@0.5,f1@0.5,iou
apartment_2,oracle,-1,0.1,27.416666666666668,-1.0,27.416666666666668,0.0,0.10000000000000002,10260.75,66284.75,0.04148765167727871,0.5590067260530526,0.3002471888651657,0.9766314927562533,0.5369088706914262,0.6919561808507795,1.0,0.6246860666719843,0.7662392074711776,1.0,0.7250243518223919,0.8372545971311608,0.312569881981738
apartment_2,oracle,-1,0.25,27.416666666666668,-1.0,27.416666666666668,0.0,0.25,25652.5,66284.75,0.09956740885967606,0.5008898112162351,0.3002286100379556,0.603679595525267,0.5860494378096553,0.5900889023014251,0.9018004246915162,0.672315966059091,0.7693043679852923,1.0,0.7532787494977214,0.8560059137802171,0.24241846114336252
apartment_2,oracle,-1,0.5,27.416666666666668,-1.0,27.416666666666668,0.0,0.5,51305.666666666664,66284.75,0.2401683313332856,0.4717318379151647,0.35595008462422517,0.3066284393357395,0.586364830845035,0.3988495194123794,0.53325524221751,0.6762782783777731,0.5911080163979516,0.8999768188495381,0.7641284776010658,0.8249530982201447,0.146888204381124
apartment_2,oracle,-1,0.75,27.416666666666668,-1.0,27.416666666666668,0.0,0.75,76958.58333333333,66284.75,0.4680067707665232,0.4673326595018647,0.4676697151341939,0.20441916256078319,0.586364830845035,0.30066528476882276,0.3555038319644303,0.6762782783777731,0.4622428594243433,0.6614210314545034,0.7649586790575938,0.7057890011012956,0.10533053578894351
apartment_2,oracle,-1,0.9,27.416666666666668,-1.0,27.416666666666668,0.0,0.9,92350.16666666667,66284.75,0.693717045441841,0.46682079647522706,0.580268920958534,0.17034968239332285,0.586364830845035,0.2620184777333053,0.2962538333952846,0.6762782783777731,0.4088560484270163,0.5559613990477515,0.7650143366520726,0.639994078534987,0.09004971839996473
apartment_2,oracle,-1,1.0,27.416666666666668,-1.0,27.416666666666668,0.0,1.0,102611.83333333333,66284.75,0.9381435408137229,0.4666990873127872,0.702421314063255,0.15331364654598648,0.586364830845035,0.24134651744625246,0.266626612972327,0.6762782783777731,0.3796434449412846,0.5003619115675683,0.7650143366520726,0.6013656113821303,0.08210874326027684
apartment_2,oracle,1,0.1,27.416666666666668,1.0,1.0,1.0,0.1,889.4722222222222,13758.666666666666,0.03128561220041767,0.7521450773271741,0.3917153447637958,1.0,0.24351484375046198,0.38917126359892473,1.0,0.3554505382667054,0.5220193596193079,1.0,0.5780605157826397,0.7303709689542038,0.0901164277640652
apartment_2,oracle,1,0.25,27.416666666666668,1.0,1.0,1.0,0.25,2224.3055555555557,13758.666666666666,0.05457267173707314,0.6300502411767156,0.34231145645689437,0.9383170932751229,0.40297686049577447,0.5575500257308655,0.9816323767889139,0.5065717128048652,0.6647971960920418,1.0,0.6714696345372411,0.8015961077858109,0.14639036756093737
apartment_2,oracle,1,0.5,27.416666666666668,1.0,1.0,1.0,0.5,4449.25,13758.666666666666,0.13211699735136176,0.5572882417478391,0.34470261954960046,0.5859301886617515,0.4437593177040745,0.4959559572539537,0.8269305950735215,0.573406945444572,0.668681660626462,0.9640819428228947,0.7239151941336209,0.8235335969816135,0.1281637408367822
apartment_2,oracle,1,0.75,27.416666666666668,1.0,1.0,1.0,0.75,6673.833333333333,13758.666666666666,0.2878224631570153,0.5335508826438198,0.4106866729004175,0.3906242096082813,0.4437593177040745,0.40793592109595145,0.5703243462530866,0.5768162509401938,0.5640903538718665,0.829273587947221,0.7379007774221438,0.7739960830003842,0.10529650767903559
apartment_2,oracle,1,0.9,27.416666666666668,1.0,1.0,1.0,0.8999999999999999,8008.694444444444,13758.666666666666,0.45028602643852395,0.5311523843346015,0.49071920538656283,0.3255140550292391,0.4437593177040745,0.36884303123697637,0.4752600954497357,0.5768162509401938,0.512658313223268,0.7108366556138557,0.7392936317251163,0.7166652154668144,0.09514929962785651
apartment_2,oracle,1,1.0,27.416666666666668,1.0,1.0,1.0,1.0,8899.027777777777,13758.666666666666,0.628780821226789,0.5309268223414105,0.5798538217840997,0.29294593438318417,0.4437593177040745,0.34672705178008834,0.42770965092131474,0.5768162509401938,0.4833246280300137,0.6440365309977591,0.7394224883580058,0.6801822588312214,0.08941236879346103
apartment_2,oracle,2,0.1,27.416666666666668,2.0,2.0,1.0,0.1,1565.0555555555557,21678.277777777777,0.0309568276039167,0.6862261128980957,0.3585914702510062,1.0,0.29931485731228435,0.4574345521263279,1.0,0.42614158621435655,0.5944571695317359,1.0,0.6331597146775052,0.7726559889056501,0.11686183714695773
apartment_2,oracle,2,0.25,27.416666666666668,2.0,2.0,1.0,0.25,3913.3888888888887,21678.277777777777,0.056467939991044415,0.5891315780361337,0.32279975901358904,0.9187142454573208,0.44409585150594566,0.591966978147151,0.9780027746674642,0.5471975838617777,0.6987677761733303,1.0,0.6996909284579008,0.8207491166934345,0.177884644739144
apartment_2,oracle,2,0.5,27.416666666666668,2.0,2.0,1.0,0.5,7827.333333333333,21678.277777777777,0.1504550083617847,0.5253239864756019,0.33788949741869323,0.5401017177833479,0.46767573596322465,0.491728214210264,0.7751206995740381,0.5998798630318429,0.6668874927332294,0.9506333277917527,0.7484138307094722,0.8353451776260593,0.1434412552162075
apartment_2,oracle,2,0.75,27.416666666666668,2.0,2.0,1.0,0.75,11741.0,21678.277777777777,0.326238885991518,0.509663497190435,0.41795119159097655,0.36006663686308193,0.46767573596322465,0.39927695336449825,0.5323801463504456,0.601679765089955,0.5554591188347688,0.8036852283987052,0.7603130899315971,0.7742612468674341,0.11472582907289783
apartment_2,oracle,2,0.9,27.416666666666668,2.0,2.0,1.0,0.8999999999999999,14089.222222222223,21678.277777777777,0.5166133194003459,0.5073394030338485,0.5119763612170972,0.3000552796502194,0.46767573596322465,0.3589718255612257,0.4436497625394977,0.601679765089955,0.5023690124055219,0.6864091019984861,0.7608411321294466,0.7135775005058461,0.10245450292184248
apartment_2,oracle,2,1.0,27.416666666666668,2.0,2.0,1.0,1.0,15655.194444444445,21678.277777777777,0.7352083231570824,0.5071084570775795,0.6211583901173309,0.27004001777652537,0.46767573596322465,0.3363724628518905,0.39927023884113816,0.601679765089955,0.47232167000175973,0.6196552795111673,0.7608725919117448,0.6751549131606791,0.0956401037054
apartment_2,oracle,4,0.1,27.416666666666668,4.0,4.0,1.0,0.1,2936.777777777778,34399.305555555555,0.029761484352594767,0.5691427659046172,0.299452125128606,1.0,0.3830941468553246,0.5518544810548505,1.0,0.5243243043745396,0.6860670940672923,1.0,0.709221189137169,0.82789479206967,0.16604524367007764
apartment_2,oracle,4,0.25,27.416666666666668,4.0,4.0,1.0,0.25,7342.694444444444,34399.305555555555,0.0544525275766021,0.47947873183021655,0.26696562970340937,0.912069006782574,0.534403750058641,0.6712451114282655,0.9981925957899621,0.639041961705631,0.7777166960341308,1.0,0.7623890474630612,0.8635357307881241,0.23167802452264327
apartment_2,oracle,4,0.5,27.416666666666668,4.0,4.0,1.0,0.5,14685.805555555555,34399.305555555555,0.14216559173908525,0.4302231000746596,0.28619434590687237,0.502088638864642,0.547031944519066,0.5192411573657246,0.7503605993816418,0.6744532422650377,0.7062619641622927,0.9781648422766178,0.7969713746273653,0.8770771681243461,0.1699669932799327
apartment_2,oracle,4,0.75,27.416666666666668,4.0,4.0,1.0,0.75,22028.61111111111,34399.305555555555,0.3088641589316349,0.4191570666443342,0.3640106127879845,0.33472671174314894,0.547031944519066,0.4120583237455844,0.5045717491418594,0.6746127009155486,0.5735176931053257,0.7964140530156912,0.8021923134544854,0.7961641758451493,0.13125438810334944
apartment_2,oracle,4,0.9,27.416666666666668,4.0,4.0,1.0,0.8999999999999999,26434.416666666668,34399.305555555555,0.4930864249928742,0.41822583010239783,0.45565612754763607,0.27893828759883293,0.547031944519066,0.36671872467282873,0.4204754753386285,0.6746127009155486,0.514747604235954,0.6721745807017435,0.8022292180476787,0.727715173685488,0.11549444641220158
apartment_2,oracle,4,1.0,27.416666666666668,4.0,4.0,1.0,1.0,29372.11111111111,34399.305555555555,0.7116936842750522,0.4180657124481496,0.5648796983616009,0.2510393694479905,0.547031944519066,0.3416695002563926,0.3784202469309583,0.6746127009155486,0.4818473457833457,0.604944960478981,0.8022292180476787,0.6862634479452263,0.10693774846599458
apartment_2,oracle,8,0.1,27.416666666666668,8.0,8.0,1.0,0.1,4884.25,45707.88888888889,0.03279236414540383,0.5384847427777362,0.28563855346157,1.0,0.4589136260147333,0.6278568157567448,1.0,0.5847069926589814,0.7369098316485787,1.0,0.7301324969099471,0.8426126701374688,0.22280055535432103
apartment_2,oracle,8,0.25,27.416666666666668,8.0,8.0,1.0,0.25,12211.305555555555,45707.88888888889,0.06683212391041564,0.46665043560968006,0.26674127976004786,0.8035332947086382,0.5696072228729735,0.6635747763164577,0.9900192830091203,0.6718184784056774,0.7994550255253564,1.0,0.7710822833263035,0.8694765256879804,0.24993015885441525
apartment_2,oracle,8,0.5,27.416666666666668,8.0,8.0,1.0,0.5,24423.083333333332,45707.88888888889,0.172611188950282,0.43080517126029416,0.3017081801052881,0.4197422472874386,0.5729935166464961,0.4807883061091507,0.6645323994289581,0.686885246976075,0.6714728948567938,0.9558086345601148,0.7956451366739362,0.8676599795012904,0.16778397785497107
apartment_2,oracle,8,0.75,27.416666666666668,8.0,8.0,1.0,0.75,36634.555555555555,45707.88888888889,0.36021497113449163,0.4242815332007368,0.3922482521676142,0.2798289463911187,0.5729935166464961,0.37338230457437427,0.4467076591125414,0.6869659797189966,0.5376722927514791,0.7463750376578829,0.7983082555055545,0.768661243759681,0.12548978834297003
apartment_2,oracle,8,0.9,27.416666666666668,8.0,8.0,1.0,0.8999999999999999,43961.416666666664,45707.88888888889,0.5585964996592785,0.4237123447318762,0.4911544221955773,0.2331910444146216,0.5729935166464961,0.3293051928159409,0.3722568159440594,0.6869659797189966,0.4796944452079434,0.6305303087921407,0.798392656729619,0.7011020002077221,0.10901364338864249
apartment_2,oracle,8,1.0,27.416666666666668,8.0,8.0,1.0,1.0,48846.583333333336,45707.88888888889,0.7902461092893944,0.42360584356576314,0.6069259764275787,0.20986929632912013,0.5729935166464961,0.30528964616580634,0.33502688947431003,0.6869659797189966,0.4475395436216351,0.5674700931195895,0.798392656729619,0.6601632736088711,0.10024074795236965
apartment_2,oracle,16,0.1,27.416666666666668,16.0,15.916666666666666,1.0,0.1,7556.277777777777,56913.38888888889,0.03667235757154141,0.5363788623868387,0.2865256099791901,1.0,0.5166022947049813,0.6802708500459859,1.0,0.6190307951955902,0.7629821960159062,1.0,0.7342736606792247,0.8444460206949675,0.2810913067378051
apartment_2,oracle,16,0.25,27.416666666666668,16.0,15.916666666666666,1.0,0.25,18891.527777777777,56913.38888888889,0.08427569796709833,0.4718674461405461,0.2780715720538222,0.683747208594279,0.5857959847057013,0.6271530940631131,0.9393150187397171,0.6804411535612785,0.788418076164142,1.0,0.7680239281743477,0.8665420070306293,0.25054675970191087
apartment_2,oracle,16,0.5,27.416666666666668,16.0,15.916666666666666,1.0,0.5,37783.47222222222,56913.38888888889,0.20928291160023468,0.4401286629676031,0.3247057872839189,0.3478945755670498,0.5863456399189002,0.4332798462492975,0.586559001903701,0.6877246032560074,0.6282953111684831,0.9238714337919023,0.7838948116296904,0.847212310592685,0.15693988073887813
apartment_2,oracle,16,0.75,27.416666666666668,16.0,15.916666666666666,1.0,0.75,56675.22222222222,56913.38888888889,0.4160499274117335,0.4336462511074858,0.42484808925960965,0.23192978555250537,0.5863456399189002,0.3301099984227027,0.39103944038427585,0.6877246032560074,0.4950085209135475,0.7016471661853418,0.7851903554997333,0.7377103723356729,0.11414637396707761
apartment_2,oracle,16,0.9,27.416666666666668,16.0,15.916666666666666,1.0,0.8999999999999999,68010.16666666667,56913.38888888889,0.6266571971880706,0.4332055867773046,0.5299313919826876,0.19327521591623337,0.5863456399189002,0.28888793313351246,0.3258668639747022,0.6877246032560074,0.43919483998817854,0.59024400058565,0.7852471178509612,0.6701647697235948,0.0981019222827827
apartment_2,oracle,16,1.0,27.416666666666668,16.0,15.916666666666666,1.0,1.0,75567.27777777778,56913.38888888889,0.8642092368437312,0.43305772541253085,0.6486334811281309,0.17394665896878864,0.5863456399189002,0.266694847524305,0.2932784299124918,0.6877246032560074,0.408505970247641,0.5312164416260093,0.7852471178509612,0.6302473648166915,0.08969710225387267
apartment_2,oracle,32,0.1,27.416666666666668,32.0,25.083333333333332,1.0,0.1,9834.333333333334,64926.583333333336,0.04076183939310799,0.5547063268157966,0.2977340831044523,0.9835194472525856,0.5360088078374351,0.6931125253435488,1.0,0.6247935774756321,0.7666899309601476,1.0,0.7263073919012917,0.8384588625282631,0.3086303485537692
apartment_2,oracle,32,0.25,27.416666666666668,32.0,25.083333333333332,1.0,0.25,24586.63888888889,64926.583333333336,0.09739612425984827,0.4965393382725634,0.29696773126620585,0.6142342547377074,0.5873789134811025,0.5960754450459914,0.9054912581757546,0.6733225537539339,0.7714124891291071,1.0,0.7550972164465658,0.8575226095941448,0.24454085476327833
apartment_2,oracle,32,0.5,27.416666666666668,32.0,25.083333333333332,1.0,0.5,49173.77777777778,64926.583333333336,0.23563692995246222,0.4672239335004175,0.35143043172643984,0.3119063586715171,0.5876943065164821,0.40384986787652666,0.54022134806218,0.6775419435738894,0.5960466291216986,0.9025205661539171,0.766489138579831,0.8274904909735918,0.14867060456679393
apartment_2,oracle,32,0.75,27.416666666666668,32.0,25.083333333333332,1.0,0.75,73760.72222222222,64926.583333333336,0.46077540775018705,0.46266942749585077,0.4617224176230189,0.20793779200829454,0.5876943065164821,0.30479462644578326,0.3601479281222088,0.6775419435738894,0.46659618976150763,0.667100479042552,0.767317199993536,0.7100474301256707,0.10675285763547047
apartment_2,oracle,32,0.9,27.416666666666668,32.0,25.083333333333332,1.0,0.8999999999999999,88512.75,64926.583333333336,0.6850324309833916,0.4621575644692131,0.5735949977263024,0.1732818662877959,0.5876943065164821,0.2657384888776184,0.30012390294796,0.6775419435738894,0.41288462013917754,0.5606942573658881,0.7673728575880147,0.6439982756396454,0.09130972208263162
apartment_2,oracle,32,1.0,27.416666666666668,32.0,25.083333333333332,1.0,1.0,98348.0,64926.583333333336,0.92898202233575,0.46203585530677327,0.6955089388212616,0.15595260306836944,0.5876943065164821,0.24483244899146028,0.27010966571185063,0.6775419435738894,0.3834741498972617,0.5046214772265335,0.7673728575880147,0.6052111746428955,0.08327826060299172
apartment_2,support,-1,0.1,27.416666666666668,-1.0,27.416666666666668,0.0,0.10000000000000002,10260.75,66284.75,0.186767102696657,1.0598278665149874,0.6232974846058222,0.5668089217344295,0.3147838173395044,0.4022010079400975,0.7207963980499651,0.38251252255930024,0.497514851233772,0.9134398232903506,0.4948903960813967,0.6408140531583003,0.13175812607775791
apartment_2,support,-1,0.25,27.416666666666668,-1.0,27.416666666666668,0.0,0.25,25652.5,66284.75,0.3228433883386915,0.7295061842247735,0.5261747862817325,0.36069421939855006,0.4318259686140972,0.3900675100689246,0.5364849272359457,0.521615592486839,0.5263085149959951,0.8013749964414822,0.6407355213622828,0.710600723049393,0.1376565766490249
apartment_2,support,-1,0.5,27.416666666666668,-1.0,27.416666666666668,0.0,0.5,51305.666666666664,66284.75,0.5487398071445352,0.5540431615207669,0.5513914843326511,0.23953918076851152,0.5139311048883751,0.3241689269086202,0.3916447059617974,0.6091327618616514,0.47361868687660724,0.6658508246292788,0.7207658730476633,0.6900256005822715,0.11428774701347662
apartment_2,support,-1,0.75,27.416666666666668,-1.0,27.416666666666668,0.0,0.75,76958.58333333333,66284.75,0.7534704705939014,0.5025087972018522,0.6279896338978769,0.18337368990456884,0.5484491731050665,0.2727810538565593,0.31170252790237246,0.6416545862242735,0.41673879804237685,0.5638314766371036,0.7453088694559192,0.6388246450813274,0.09435353096418247
apartment_2,support,-1,0.9,27.416666666666668,-1.0,27.416666666666668,0.0,0.9,92350.16666666667,66284.75,0.8798814398676371,0.4912586046382403,0.6855700222529387,0.16173799516045947,0.5613205783036039,0.2491234014364717,0.27838833709426364,0.6497741858148754,0.3866816791736813,0.5149135658650835,0.7494210313661243,0.6066411856998422,0.08538117210419693
apartment_2,support,-1,1.0,27.416666666666668,-1.0,27.416666666666668,0.0,1.0,102611.83333333333,66284.75,0.938143540813723,0.4666990873127872,0.702421314063255,0.15331364654598648,0.586364830845035,0.24134651744625246,0.266626612972327,0.6762782783777731,0.3796434449412846,0.5003619115675683,0.7650143366520726,0.6013656113821303,0.08210874326027684
apartment_2,support,1,0.1,27.416666666666668,1.0,1.0,1.0,0.1,889.4722222222222,13758.666666666666,0.1289627204276999,1.0884777690299074,0.6087202447288037,0.7283448843885075,0.2105613955308192,0.3231321014083519,0.8385166605850357,0.2967926038898973,0.4338357607999671,0.9508962673381176,0.4563266274351723,0.613026927516915,0.0400258999993369
apartment_2,support,1,0.25,27.416666666666668,1.0,1.0,1.0,0.25,2224.3055555555557,13758.666666666666,0.19686647912021338,0.6937642415549363,0.4453153603375748,0.5751980752843608,0.3419985299246503,0.42343516498039696,0.7152819027947289,0.46806571242613504,0.5595165859167861,0.8961110885655246,0.645741532276983,0.7464711014975105,0.07411809864149696
apartment_2,support,1,0.5,27.416666666666668,1.0,1.0,1.0,0.5,4449.25,13758.666666666666,0.33703497002021027,0.5562262008383406,0.44663058542927536,0.43477637271698977,0.41251771587589875,0.41762048832763377,0.5825005984199244,0.5507092547645498,0.5601814109164421,0.7957468987681254,0.724128002563439,0.7536209352078244,0.09437147779930553
apartment_2,support,1,0.75,27.416666666666668,1.0,1.0,1.0,0.75,6673.833333333333,13758.666666666666,0.4894749737015004,0.5450675811919169,0.5172712774467088,0.35059988889804217,0.43128206555978854,0.380769450076016,0.4907151853248066,0.5654035592838061,0.5180883127080542,0.7048883306748963,0.7301452701010968,0.7099419925724536,0.09446450291045677
apartment_2,support,1,0.9,27.416666666666668,1.0,1.0,1.0,0.8999999999999999,8008.694444444444,13758.666666666666,0.5738642614275538,0.5375676968928818,0.5557159791602178,0.31624496211141895,0.4401532215711661,0.36202551982034303,0.4534528445383923,0.5720561465838145,0.49832066209531906,0.6675446347201265,0.7350206082794529,0.6918113410289142,0.09269852156513839
apartment_2,support,1,1.0,27.416666666666668,1.0,1.0,1.0,1.0,8899.027777777777,13758.666666666666,0.628780821226789,0.5309268223414105,0.5798538217840997,0.29294593438318417,0.4437593177040745,0.34672705178008834,0.42770965092131474,0.5768162509401938,0.4833246280300137,0.6440365309977591,0.7394224883580058,0.6801822588312214,0.08941236879346103
apartment_2,support,2,0.1,27.416666666666668,2.0,2.0,1.0,0.1,1565.0555555555557,21678.277777777777,0.1280124124615725,1.0140791145971737,0.5710457635293731,0.7230626936765102,0.22781670399657392,0.3419296028228453,0.8350814523830009,0.3142081161614956,0.4518141717231868,0.9506264282664834,0.4727298316172277,0.6276911790353265,0.0539430358244443
apartment_2,support,2,0.25,27.416666666666668,2.0,2.0,1.0,0.25,3913.3888888888887,21678.277777777777,0.212166152884924,0.6449332905599597,0.4285497217224419,0.5469470735957138,0.35750352119215173,0.4260092376468043,0.6923664942336816,0.48920406362906604,0.5672927368877408,0.8801150524329627,0.6764229932471728,0.7616246856421,0.09030619158503154
apartment_2,support,2,0.5,27.416666666666668,2.0,2.0,1.0,0.5,7827.333333333333,21678.277777777777,0.3642204068576083,0.5409546898576943,0.45258754835765136,0.40402977283951635,0.4295678184194679,0.4101796040489288,0.5540981231169889,0.5689939340772665,0.5553756028029054,0.7812374708976997,0.7396118349411149,0.7555553575927515,0.10569285493465605
apartment_2,support,2,0.75,27.416666666666668,2.0,2.0,1.0,0.75,11741.0,21678.277777777777,0.5690611802827056,0.5242890577493473,0.5466751190160264,0.3237952974441381,0.45186713360241093,0.3710054030878312,0.46040205013690144,0.5852342169362204,0.5079654508515343,0.6806999518378509,0.7481381937519638,0.7057869734262536,0.10301905373928674
apartment_2,support,2,0.9,27.416666666666668,2.0,2.0,1.0,0.8999999999999999,14089.222222222223,21678.277777777777,0.6754316060394686,0.5171387893313216,0.5962851976853951,0.29033844733490155,0.46187449289262755,0.3504486417557276,0.4219564266998287,0.5941194211799585,0.48585082124549545,0.63958037752538,0.7539943990011144,0.6843971235073815,0.09929662255533572
apartment_2,support,2,1.0,27.416666666666668,2.0,2.0,1.0,1.0,15655.194444444445,21678.277777777777,0.7352083231570824,0.5071084570775795,0.621158390117331,0.27004001777652537,0.46767573596322465,0.3363724628518905,0.39927023884113816,0.601679765089955,0.47232167000175973,0.6196552795111673,0.7608725919117448,0.6751549131606791,0.0956401037054
apartment_2,support,4,0.1,27.416666666666668,4.0,4.0,1.0,0.1,2936.777777777778,34399.305555555555,0.12224275790537814,0.9371044758920828,0.5296736168987305,0.7456145102475591,0.2800433345478572,0.4045899746267996,0.8362693641378832,0.36288840616467843,0.503920506592009,0.9550300083211734,0.5187505251648319,0.6704613258226448,0.08309680403287742
apartment_2,support,4,0.25,27.416666666666668,4.0,4.0,1.0,0.25,7342.694444444444,34399.305555555555,0.2143114489246022,0.573644209715581,0.39397782932009157,0.5392927025287028,0.42355938638189367,0.47180230796327405,0.676627660263368,0.5550237077204959,0.6076365901417977,0.8805339081171742,0.7214078668280366,0.7914427763008909,0.12320045911414598
apartment_2,support,4,0.5,27.416666666666668,4.0,4.0,1.0,0.5,14685.805555555555,34399.305555555555,0.3562462935651777,0.4628808994418908,0.40956359650353424,0.38890296134215185,0.5036823052213515,0.4362755337731593,0.5385217703337082,0.6349128991581814,0.5802188747731427,0.7802390324917644,0.7764692714069089,0.7759931759408578,0.13048728080854105
apartment_2,support,4,0.75,27.416666666666668,4.0,4.0,1.0,0.75,22028.61111111111,34399.305555555555,0.5441829872055486,0.443431262880235,0.4938071250428917,0.302863904409352,0.5248927103452412,0.38144827140663606,0.43839570173340675,0.6504936827260841,0.5206884971587554,0.6691000587456237,0.7853657013849407,0.7190615890475419,0.11855972886460736
apartment_2,support,4,0.9,27.416666666666668,4.0,4.0,1.0,0.8999999999999999,26434.416666666668,34399.305555555555,0.6532521188183412,0.4361541295375692,0.5447031241779552,0.2692080576861241,0.5370383634562129,0.3560388349753562,0.3988007907803206,0.6605612295104699,0.4940988223322997,0.6235700020438713,0.7893604489629066,0.6929710852176572,0.11164714346470801
apartment_2,support,4,1.0,27.416666666666668,4.0,4.0,1.0,1.0,29372.11111111111,34399.305555555555,0.7116936842750522,0.4180657124481496,0.5648796983616009,0.2510393694479905,0.547031944519066,0.3416695002563926,0.3784202469309583,0.6746127009155486,0.4818473457833457,0.604944960478981,0.8022292180476787,0.6862634479452263,0.10693774846599458
apartment_2,support,8,0.1,27.416666666666668,8.0,8.0,1.0,0.1,4884.25,45707.88888888889,0.13394091777068617,0.9563385574591398,0.545139737614913,0.6977984416328172,0.30849230324593707,0.42544791403327586,0.8114750311244777,0.39081457903793093,0.5251429660611429,0.948260700195349,0.5271878430039105,0.6757338735791925,0.10854697183165901
apartment_2,support,8,0.25,27.416666666666668,8.0,8.0,1.0,0.25,12211.305555555555,45707.88888888889,0.2475298454810297,0.6039512112522051,0.4257405283666174,0.47210885003801983,0.4373910385802798,0.4514241754670299,0.628339403589739,0.5598293613757982,0.5891550300398487,0.8538542123306142,0.7035412781628645,0.7697327639373008,0.13683334490101376
apartment_2,support,8,0.5,27.416666666666668,8.0,8.0,1.0,0.5,24423.083333333332,45707.88888888889,0.40853979438641314,0.47137764481878264,0.43995871960259797,0.32733361870733707,0.5184245809281314,0.3989456064626586,0.48423774972543066,0.6396429227551107,0.5485109642958585,0.7417841291078773,0.7683590980882185,0.7530752496377766,0.13018782782676663
apartment_2,support,8,0.75,27.416666666666668,8.0,8.0,1.0,0.75,36634.555555555555,45707.88888888889,0.6069961185150071,0.45072718647670407,0.5288616524958556,0.25246734591517894,0.5445344622473682,0.342912989636932,0.39019141365507626,0.6600647720379738,0.4876196846370788,0.6332175711151692,0.7807435070926432,0.6964124226900148,0.11315153234614891
apartment_2,support,8,0.9,27.416666666666668,8.0,8.0,1.0,0.8999999999999999,43961.416666666664,45707.88888888889,0.7288430149496519,0.44404003465610914,0.5864415248028805,0.2233653879444492,0.5584088424431097,0.31708860619910345,0.3518201821770642,0.6694005158336439,0.45830140799052504,0.5845036668866871,0.7846250628488202,0.6667650658064677,0.10465286482693123
apartment_2,support,8,1.0,27.416666666666668,8.0,8.0,1.0,1.0,48846.583333333336,45707.88888888889,0.7902461092893943,0.42360584356576314,0.6069259764275787,0.20986929632912013,0.5729935166464961,0.30528964616580634,0.33502688947431003,0.6869659797189966,0.4475395436216351,0.5674700931195895,0.798392656729619,0.6601632736088711,0.10024074795236965
apartment_2,support,16,0.1,27.416666666666668,16.0,15.916666666666666,1.0,0.1,7556.277777777777,56913.38888888889,0.16490420350023763,1.0063776963411224,0.58564094992068,0.619490176875966,0.3176688186181022,0.4177286603884677,0.7572212628288368,0.3927869121182469,0.5149178686203176,0.9262874291457318,0.5126638171868607,0.6582287983041097,0.12377860756183476
apartment_2,support,16,0.25,27.416666666666668,16.0,15.916666666666666,1.0,0.25,18891.527777777777,56913.38888888889,0.2923789605853453,0.6777307063517425,0.48505483346854394,0.40313066379400914,0.4349931140939461,0.4156551553912886,0.5731346431423778,0.5371614960664709,0.5515799365675865,0.8229985585600871,0.6666734339625829,0.734709845114532,0.13907956129960908
apartment_2,support,16,0.5,27.416666666666668,16.0,15.916666666666666,1.0,0.5,37783.47222222222,56913.38888888889,0.48566593824211485,0.5137414142607365,0.49970367625142564,0.27059704227546477,0.5164272314894454,0.3527907975512268,0.4256603982642504,0.6246018388169331,0.5033114625311133,0.6964779228994762,0.7442986848756672,0.7173314911898943,0.12133193486484507
apartment_2,support,16,0.75,27.416666666666668,16.0,15.916666666666666,1.0,0.75,56675.22222222222,56913.38888888889,0.6841036563021687,0.4707725194469051,0.5774380878745369,0.2077667475565857,0.5478790904237276,0.29945595588841484,0.340798027654914,0.6522122221265607,0.4449809104997089,0.5939669681925508,0.7634116742760835,0.6649606412827993,0.1018679200713739
apartment_2,support,16,0.9,27.416666666666668,16.0,15.916666666666666,1.0,0.8999999999999999,68010.16666666667,56913.38888888889,0.8065424597134192,0.45807371930635654,0.6323080895098879,0.18368862906117,0.5634037119546209,0.2753305724734372,0.306174214356987,0.6630427115766674,0.41612421752511525,0.546245912413933,0.7692355970535416,0.6353436817738676,0.09318963878120495
apartment_2,support,16,1.0,27.416666666666668,16.0,15.916666666666666,1.0,1.0,75567.27777777778,56913.38888888889,0.8642092368437312,0.43305772541253085,0.6486334811281309,0.17394665896878864,0.5863456399189002,0.266694847524305,0.2932784299124918,0.6877246032560074,0.408505970247641,0.5312164416260093,0.7852471178509612,0.6302473648166915,0.08969710225387267
apartment_2,support,32,0.1,27.416666666666668,32.0,25.083333333333332,1.0,0.1,9834.333333333334,64926.583333333336,0.18406650877720282,1.048500343635078,0.6162834262061403,0.5732222010936662,0.3159833282178618,0.4049200930561379,0.7253436818407635,0.3849187929540674,0.5006872939267785,0.9142174024707318,0.499861310874334,0.6449922048577602,0.13108551996208695
apartment_2,support,32,0.25,27.416666666666668,32.0,25.083333333333332,1.0,0.25,24586.63888888889,64926.583333333336,0.3188225176634497,0.7230508547068883,0.520936686185169,0.3659038103186701,0.4338927987457287,0.394074555129577,0.5412148748581367,0.5249786326489035,0.5303080344889197,0.8039340332335493,0.6449112924563909,0.7141704010224218,0.13820745421762934
apartment_2,support,32,0.5,27.416666666666668,32.0,25.083333333333332,1.0,0.5,49173.77777777778,64926.583333333336,0.5424993966962226,0.5504977145609268,0.5464985556285746,0.24372182900804573,0.515695286741685,0.32847708163602896,0.39636314312251586,0.6109146159829765,0.47765267051138277,0.669378382622527,0.7232095757338862,0.6930243101273823,0.11566838911081047
apartment_2,support,32,0.75,27.416666666666668,32.0,25.083333333333332,1.0,0.75,73760.72222222222,64926.583333333336,0.7386998684239715,0.497724675441674,0.6182122719328228,0.1865052821051945,0.5493422820024821,0.2764779683220592,0.3157332535566169,0.6421010975617111,0.42051276868530574,0.5689910952842071,0.747067600810406,0.6427788328387588,0.09556867160235222
apartment_2,support,32,0.9,27.416666666666668,32.0,25.083333333333332,1.0,0.8999999999999999,88512.75,64926.583333333336,0.8670971601284595,0.486585219752097,0.6768411899402783,0.16462179350736256,0.5630041377217422,0.25283748557340974,0.28218751979266976,0.6512224307126177,0.3907237884954356,0.5199402145631956,0.7515892301393923,0.6109100405889262,0.08663372782728525
apartment_2,support,32,1.0,27.416666666666668,32.0,25.083333333333332,1.0,1.0,98348.0,64926.583333333336,0.92898202233575,0.46203585530677327,0.6955089388212616,0.15595260306836944,0.5876943065164821,0.24483244899146028,0.27010966571185063,0.6775419435738894,0.3834741498972617,0.5046214772265335,0.7673728575880147,0.6052111746428955,0.08327826060299172
frl_apartment_5,oracle,-1,0.1,25.533333333333335,-1.0,25.533333333333335,0.0,0.1,8930.0,58409.73333333333,0.037594017260533526,0.2208107033926679,0.1292023603266007,1.0,0.6241836830059798,0.7643314659436994,1.0,0.7572056215051124,0.8586665877862798,1.0,0.8844909230868033,0.9373066135302229,0.3519999484525219
frl_apartment_5,oracle,-1,0.25,25.533333333333335,-1.0,25.533333333333335,0.0,0.25,22325.333333333332,58409.73333333333,0.07420059643240487,0.1888401792607735,0.1315203878465892,0.7747402655292142,0.6828191593218037,0.720853058751274,0.9930623411787101,0.8042984032995546,0.8866282615168778,1.0,0.9069957491355074,0.9501226268981079,0.3061621906313574
frl_apartment_5,oracle,-1,0.5,25.533333333333335,-1.0,25.533333333333335,0.0,0.5,44651.4,58409.73333333333,0.15556305379753502,0.17152277116561163,0.16354291248157332,0.39399112789065216,0.6832398173001276,0.49591503602569953,0.7150213551400629,0.8162701528225612,0.7557150094077837,0.9988227007136037,0.9200250070526665,0.9568324418021739,0.18009648921003213
frl_apartment_5,oracle,-1,0.75,25.533333333333335,-1.0,25.533333333333335,0.0,0.75,66977.0,58409.73333333333,0.2712513989301606,0.16569836369113655,0.21847488131064857,0.2626605780590045,0.6832398173001276,0.3769138582457011,0.4773060607564926,0.8162951744321331,0.597444779992092,0.8507056228960134,0.9221921686203729,0.8818799903060448,0.12752040728669772
frl_apartment_5,oracle,-1,0.9,25.533333333333335,-1.0,25.533333333333335,0.0,0.9,80372.33333333333,58409.73333333333,0.38046812772718075,0.1643307072388391,0.27239941748300994,0.2188845133724888,0.6832398173001276,0.3295237813693105,0.39775629312288363,0.8162951744321331,0.530736786050239,0.7129619119698716,0.9221921686203729,0.8011276174210881,0.10852937938393539
frl_apartment_5,oracle,-1,1.0,25.533333333333335,-1.0,25.533333333333335,0.0,1.0,89303.2,58409.73333333333,0.50849850860808,0.16342389759882783,0.33596120310345395,0.19699409702969517,0.6832398173001276,0.30404639454516236,0.3579771233443364,0.8162951744321331,0.4939886127551679,0.6416596513068186,0.9221921686203729,0.7539319235034266,0.09872929438072582
frl_apartment_5,oracle,1,0.1,25.533333333333335,1.0,1.0,1.0,0.1,912.9555555555555,12854.222222222223,0.029861072329419362,0.5036400773223224,0.2667505748258709,1.0,0.2451067066995143,0.3929069786983108,1.0,0.3837469614729323,0.5526630365526378,1.0,0.6616004800359542,0.792619227357798,0.10890322622631406
frl_apartment_5,oracle,1,0.25,25.533333333333335,1.0,1.0,1.0,0.25,2283.2444444444445,12854.222222222223,0.05517565595935681,0.41534296050808595,0.23525930823372138,0.9051024747746267,0.3618027311425794,0.515992798957023,0.9986830248838983,0.4976977517122464,0.661194903560725,1.0,0.7342428140705207,0.8436470168818262,0.1703237950748006
frl_apartment_5,oracle,1,0.5,25.533333333333335,1.0,1.0,1.0,0.5,4566.9111111111115,12854.222222222223,0.12061174141654114,0.34796210107921416,0.23428692124787764,0.5367491464046266,0.3866689353084148,0.44760313553442305,0.8139011132931445,0.5624663003519345,0.6642421860001506,0.9976971481774976,0.7963235918060176,0.8828153722607552,0.14368005639149772
frl_apartment_5,oracle,1,0.75,25.533333333333335,1.0,1.0,1.0,0.75,6850.355555555556,12854.222222222223,0.2259810436262224,0.32258866287427856,0.2742848532502505,0.36096598699492405,0.38768239883852273,0.3719438348319004,0.5829280203741234,0.5709461936175309,0.5750245437160291,0.8836577146374558,0.8184133605540855,0.8493573945394077,0.11752029388715365
frl_apartment_5,oracle,1,0.9,25.533333333333335,1.0,1.0,1.0,0.9,8220.355555555556,12854.222222222223,0.33600072436347395,0.31866721758588656,0.32733397097468026,0.30080882782974344,0.38768239883852273,0.3370573207602052,0.48676244003441,0.5710744177137976,0.5237732148159836,0.7597193233953776,0.8202265932327285,0.7879385321282363,0.10577305039701829
frl_apartment_5,oracle,1,1.0,25.533333333333335,1.0,1.0,1.0,1.0,9134.31111111111,12854.222222222223,0.46241214545962706,0.31845569303951765,0.3904339192495724,0.27070860038667827,0.38768239883852273,0.31721939043302827,0.4380556674611215,0.5710744177137976,0.4941296386925344,0.685351068776361,0.8202437747277849,0.7457875892287472,0.09916211165193153
frl_apartment_5,oracle,2,0.1,25.533333333333335,2.0,2.0,1.0,0.1,1658.5555555555557,20242.244444444445,0.031150837707077113,0.4143992994207865,0.2227750685639318,1.0,0.30679867720217463,0.46852626298672334,1.0,0.4628951895448722,0.6305173245844902,1.0,0.7295772034063339,0.8408610713165754,0.13911925323108829
frl_apartment_5,oracle,2,0.25,25.533333333333335,2.0,2.0,1.0,0.25,4147.022222222222,20242.244444444445,0.05794026248375408,0.34125427664080477,0.1995972695622794,0.8788843195440824,0.41832461652519254,0.5656822381491228,1.0,0.5701298570040231,0.7230305902527546,1.0,0.7899696403933877,0.8803520437876611,0.1971251699527772
frl_apartment_5,oracle,2,0.5,25.533333333333335,2.0,2.0,1.0,0.5,8294.422222222222,20242.244444444445,0.12560192464880382,0.2872167361655469,0.20640933040717538,0.5168702903605731,0.4411440421576335,0.4738333133764953,0.803095762742387,0.6272951210662944,0.7033079295853993,0.9988610566008697,0.8416728578519812,0.9113162727003833,0.15748054059279626
frl_apartment_5,oracle,2,0.75,25.533333333333335,2.0,2.0,1.0,0.75,12441.622222222222,20242.244444444445,0.23287223209858127,0.2685586928250273,0.2507154624618043,0.3445838589088594,0.4411440421576335,0.3851636565138684,0.5702706022314545,0.6323334294769043,0.5976861416329969,0.878086224663539,0.8562002328995065,0.866361994086679,0.12437314339015502
frl_apartment_5,oracle,2,0.9,25.533333333333335,2.0,2.0,1.0,0.9,14929.866666666667,20242.244444444445,0.3436977064111297,0.2657485474665748,0.30472312693885223,0.2871535319805197,0.4411440421576335,0.3463239526465679,0.4752262821048459,0.6323334294769043,0.5408443441063779,0.7560897166431617,0.8568037367653405,0.8017825084555481,0.11044515275638178
frl_apartment_5,oracle,2,1.0,25.533333333333335,2.0,2.0,1.0,1.0,16589.31111111111,20242.244444444445,0.47044351107397425,0.26553270964680914,0.3679881103603917,0.2584283187330121,0.4411440421576335,0.3245112297308208,0.4276874557255557,0.6323334294769043,0.5085991862549375,0.6804889902980928,0.8568037367653405,0.7571100373665227,0.1027723047341659
frl_apartment_5,oracle,4,0.1,25.533333333333335,4.0,4.0,1.0,0.1,2987.5555555555557,31370.066666666666,0.031756706576130354,0.31168536650222856,0.17172103653917944,1.0,0.39451180938661123,0.5647482189511086,1.0,0.5814360685377694,0.7329302810522986,1.0,0.8217334815266811,0.9003263622708336,0.18018192423659582
frl_apartment_5,oracle,4,0.25,25.533333333333335,4.0,4.0,1.0,0.25,7469.555555555556,31370.066666666666,0.05880880787562237,0.2510124454410959,0.15491062665835917,0.8734253877299208,0.5142219321969516,0.6466169307298434,1.0,0.6833818234661317,0.8091461858479104,1.0,0.8627540037972592,0.9248961716576528,0.24579282184685308
frl_apartment_5,oracle,4,0.5,25.533333333333335,4.0,4.0,1.0,0.5,14939.644444444444,31370.066666666666,0.12522889554872021,0.21647752036918277,0.1708532079589515,0.5120918078364514,0.5322909234753139,0.5199480666321936,0.8108794721379975,0.7276237078913916,0.7653238789905711,1.0,0.8937080808952568,0.9425649993228854,0.18091790469726332
frl_apartment_5,oracle,4,0.75,25.533333333333335,4.0,4.0,1.0,0.75,22409.444444444445,31370.066666666666,0.22898998989891206,0.20692898619578798,0.21795948804735,0.34139611855061364,0.5322909234753139,0.41443075801631024,0.5713687106955506,0.7300652557412628,0.637711711178062,0.884550231158113,0.9003334578097816,0.891045440447109,0.13771361687860117
frl_apartment_5,oracle,4,0.9,25.533333333333335,4.0,4.0,1.0,0.9,26891.28888888889,31370.066666666666,0.33706309636846915,0.2056723483580803,0.2713677223632747,0.2844966260516829,0.5322909234753139,0.3694806594712419,0.47614050122871593,0.7300652557412628,0.5734684341804239,0.7578473231962302,0.9005029082901115,0.8207778800788309,0.1204608409011152
frl_apartment_5,oracle,4,1.0,25.533333333333335,4.0,4.0,1.0,1.0,29879.733333333334,31370.066666666666,0.4649906204212496,0.20552322986113927,0.3352569251411944,0.2560419995435557,0.5322909234753139,0.34456975386579286,0.4285181852887802,0.7300652557412628,0.5373910037523031,0.6820494917749155,0.9005029082901115,0.7740913758753208,0.11117542780616009
frl_apartment_5,oracle,8,0.1,25.533333333333335,8.0,8.0,1.0,0.1,4904.155555555555,42007.57777777778,0.03384009387501727,0.2562591628361679,0.1450496283555926,1.0,0.4969827538810105,0.6627197051779263,1.0,0.6777192360015194,0.8060217783207869,1.0,0.8628222300402129,0.925066845248592,0.24183646205186882
frl_apartment_5,oracle,8,0.25,25.533333333333335,8.0,8.0,1.0,0.25,12261.244444444445,42007.57777777778,0.0641842075288815,0.20892457420150923,0.13655439086519536,0.8396677883169135,0.6003365745592076,0.6993755043195721,0.9990214734151246,0.7571366601533953,0.8594156826836201,1.0,0.8937028137017707,0.9428327208692405,0.2815753402311516
frl_apartment_5,oracle,8,0.5,25.533333333333335,8.0,8.0,1.0,0.5,24523.066666666666,42007.57777777778,0.13521613509075167,0.1863604633837135,0.1607882992372326,0.4653551930743733,0.6075573984219292,0.5242535345508638,0.7839240466173822,0.7833820736303257,0.7797999449041666,1.0,0.9142047341278653,0.9541931453894276,0.18640380375507584
frl_apartment_5,oracle,8,0.75,25.533333333333335,8.0,8.0,1.0,0.75,36784.688888888886,42007.57777777778,0.24179578410368688,0.17979252184395256,0.2107941529738197,0.3102363521784199,0.6075573984219292,0.4087598186841364,0.5387817317849574,0.784362995672433,0.634278638008315,0.8766515612414995,0.9184492953888596,0.8951089037861197,0.1370624597091549
frl_apartment_5,oracle,8,0.9,25.533333333333335,8.0,8.0,1.0,0.9,44141.666666666664,42007.57777777778,0.3487414373133911,0.1787765450230808,0.2637589911682359,0.25852932481734,0.6075573984219292,0.3610785043003261,0.4489831531759748,0.784362995672433,0.5672135753102663,0.7470152503271011,0.9184739337731155,0.8212657350400258,0.1182812174623656
frl_apartment_5,oracle,8,1.0,25.533333333333335,8.0,8.0,1.0,1.0,49046.8,42007.57777777778,0.47597743208661314,0.17837003940257665,0.3271737357445949,0.2326739992710586,0.6075573984219292,0.3350324893376768,0.40408064845119246,0.784362995672433,0.5298853455446543,0.6723067232707889,0.9184739337731155,0.7738799881010299,0.10838059486795554
frl_apartment_5,oracle,16,0.1,25.533333333333335,16.0,15.666666666666666,1.0,0.1,7168.133333333333,51984.933333333334,0.03634145222307905,0.2318978949106163,0.13411967356684767,1.0,0.5767388916605859,0.730095076687906,1.0,0.7320720094031862,0.843287595137609,1.0,0.8781068167077545,0.9338554194042067,0.3063859628724454
frl_apartment_5,oracle,16,0.25,25.533333333333335,16.0,15.666666666666666,1.0,0.25,17920.777777777777,51984.933333333334,0.07068053871536847,0.19572800040795152,0.13320426956165998,0.7975810345620116,0.654152277133372,0.7161992904464586,0.9930623411787101,0.7891001653263058,0.8777857279069499,1.0,0.9023200052998613,0.9476563221350663,0.30162148012781803
frl_apartment_5,oracle,16,0.5,25.533333333333335,16.0,15.666666666666666,1.0,0.5,35842.24444444444,51984.933333333334,0.14787441097980888,0.1771721691939034,0.16252329008685615,0.4214750324591611,0.656249142219234,0.5100119808667589,0.746221600242089,0.8049405286398624,0.7683924178330694,0.9988227007136037,0.9175642897911891,0.9555568986536431,0.18467514287633818
frl_apartment_5,oracle,16,0.75,25.533333333333335,16.0,15.666666666666666,1.0,0.75,53763.311111111114,51984.933333333334,0.2593553248841085,0.1711578295195529,0.2152565772018307,0.2809831767543315,0.656249142219234,0.3912762948229853,0.5027395819605192,0.8050583120324529,0.6138455076848809,0.8627099120443134,0.920218627368096,0.8876372635396398,0.13235496539703492
frl_apartment_5,oracle,16,0.9,25.533333333333335,16.0,15.666666666666666,1.0,0.9,64516.0,51984.933333333334,0.3672101025163234,0.16982909133134386,0.26851959692383365,0.2341528418971558,0.656249142219234,0.34336252131959777,0.41895001826863376,0.8050583120324529,0.5467881076453659,0.7282378822616968,0.9202285380784396,0.8099314433384198,0.1131291195655626
frl_apartment_5,oracle,16,1.0,25.533333333333335,16.0,15.666666666666666,1.0,1.0,71684.95555555556,51984.933333333334,0.49505061042535803,0.16900544583975805,0.33202802813255805,0.21073563464812542,0.656249142219234,0.31745444655987615,0.3770515707290785,0.8050583120324529,0.5096932859709612,0.6554083177403588,0.9202285380784396,0.7626737077381094,0.10314080803557106
frl_apartment_5,oracle,32,0.1,25.533333333333335,32.0,22.666666666666668,1.0,0.1,8567.222222222223,57186.2,0.03739977236892904,0.22266969779311985,0.13003473508102445,1.0,0.6165113484527533,0.7593028301573379,1.0,0.7537970415097547,0.8567101885312408,1.0,0.8838796659409752,0.936986205932594,0.34302224870658665
frl_apartment_5,oracle,32,0.25,25.533333333333335,32.0,22.666666666666668,1.0,0.25,21418.444444444445,57186.2,0.07362801513575774,0.19022640975910654,0.13192721244743216,0.7766600617134523,0.6784061453361585,0.7196876055580923,0.9930623411787101,0.802338461953299,0.8855462811198385,1.0,0.9064718952309943,0.9498462864343412,0.30592512368349617
frl_apartment_5,oracle,32,0.5,25.533333333333335,32.0,22.666666666666668,1.0,0.5,42837.666666666664,57186.2,0.15413890418101345,0.17265422141368553,0.1633965627973495,0.3985066688317557,0.6790056507325216,0.4985892973403272,0.7217270947433936,0.8147745151929322,0.758874241582165,0.9988227007136037,0.9196872245865284,0.956653757198349,0.1810668211824114
frl_apartment_5,oracle,32,0.75,25.533333333333335,32.0,22.666666666666668,1.0,0.75,64256.46666666667,57186.2,0.26901033404852726,0.1666963290947243,0.21785333157162576,0.26567067171093,0.6790056507325216,0.37950870716223917,0.4817760671584986,0.814799536802504,0.6005933544940995,0.854034042561814,0.9219429354510494,0.8835695524020745,0.12843025380298226
frl_apartment_5,oracle,32,0.9,25.533333333333335,32.0,22.666666666666668,1.0,0.9,77107.6888888889,57186.2,0.3781367365148052,0.1653227923585407,0.27172976443667296,0.22139290351580307,0.6790056507325216,0.3319861582857468,0.4014812702431224,0.814799536802504,0.5337774269107964,0.7157632891777226,0.9219429354510494,0.8028249323189259,0.1093679926298182
frl_apartment_5,oracle,32,1.0,25.533333333333335,32.0,22.666666666666668,1.0,1.0,85675.77777777778,57186.2,0.5063844612933427,0.16441598271852936,0.335400222005936,0.1992517221614511,0.6790056507325216,0.30641416733695076,0.36132973469741736,0.814799536802504,0.49694371492426,0.6441811044867619,0.9219429354510494,0.7556104723410889,0.09952163370598899
frl_apartment_5,support,-1,0.1,25.533333333333335,-1.0,25.533333333333335,0.0,0.1,8930.0,58409.73333333333,0.3679077009397222,1.2062184048207454,0.7870630528802337,0.46742230536780494,0.252458992264226,0.32659007557011094,0.6234922646250343,0.3473287856756257,0.44416340316972197,0.7629164578592664,0.482780475046293,0.5881401877449659,0.11297295588838044
frl_apartment_5,support,-1,0.25,25.533333333333335,-1.0,25.533333333333335,0.0,0.25,22325.333333333332,58409.73333333333,0.351177787263743,0.5027825513541944,0.4269801693089687,0.37758625163205506,0.4086097542516845,0.3907323899971601,0.5699321595713458,0.535934972866249,0.5493639200773714,0.7824099903120028,0.7225403979093614,0.7477268767184344,0.13998156756272098
frl_apartment_5,support,-1,0.5,25.533333333333335,-1.0,25.533333333333335,0.0,0.5,44651.4,58409.73333333333,0.39838156561601656,0.24291115394993934,0.3206463597829779,0.280039446042381,0.5404797059708585,0.36648053017149995,0.4708595790584662,0.703129235427777,0.5584320237611803,0.7384215369735952,0.8693774899200818,0.7947278085270527,0.12579866950911703
frl_apartment_5,support,-1,0.75,25.533333333333335,-1.0,25.533333333333335,0.0,0.75,66977.0,58409.73333333333,0.4534885029557977,0.1950282886072313,0.3242583957815145,0.22862829064933132,0.6174671288846427,0.33155259957262206,0.4045623572619697,0.7684238954481569,0.5253992409870318,0.6874524766173242,0.9026276353049991,0.7776504895122813,0.11041728276304535
frl_apartment_5,support,-1,0.9,25.533333333333335,-1.0,25.533333333333335,0.0,0.9,80372.33333333333,58409.73333333333,0.48704585937972705,0.1804366955125162,0.33374127744612164,0.2081764336439403,0.6551795551138008,0.3139769003974449,0.37460582640788304,0.792177027478762,0.5044200818708946,0.6585408565070593,0.9125162650069989,0.7620532034219887,0.10302964412716355
frl_apartment_5,support,-1,1.0,25.533333333333335,-1.0,25.533333333333335,0.0,1.0,89303.2,58409.73333333333,0.5084985086080801,0.16342389759882783,0.33596120310345395,0.19699409702969517,0.6832398173001276,0.30404639454516236,0.3579771233443364,0.8162951744321331,0.4939886127551679,0.6416596513068186,0.9221921686203729,0.7539319235034266,0.09872929438072582
frl_apartment_5,support,1,0.1,25.533333333333335,1.0,1.0,1.0,0.1,912.9555555555555,12854.222222222223,0.3413674384815292,1.3422454545916356,0.8418064465365824,0.48861814960696337,0.14834489649478733,0.22642840511030846,0.6305553674633847,0.23918583830468793,0.345599100941493,0.7594292932653147,0.4064090577736923,0.5267911473155193,0.04349633457022968
frl_apartment_5,support,1,0.25,25.533333333333335,1.0,1.0,1.0,0.25,2283.2444444444445,12854.222222222223,0.3441692146472498,0.7466265108674861,0.5453978627573679,0.43608852555987065,0.26744075932433203,0.3301612057036326,0.5987397295454517,0.4216101618581795,0.4929395356413778,0.7773756037159796,0.6543091299821437,0.7077741543641786,0.08222782275823423
frl_apartment_5,support,1,0.5,25.533333333333335,1.0,1.0,1.0,0.5,4566.9111111111115,12854.222222222223,0.38001811412941355,0.43818816557779783,0.40910313985360564,0.372792638310801,0.34589565925332766,0.357727095018576,0.5446217884304612,0.5172894857128082,0.5295198730322238,0.7539504131220748,0.7551685992161193,0.7535992349613535,0.10601848306227435
frl_apartment_5,support,1,0.75,25.533333333333335,1.0,1.0,1.0,0.75,6850.355555555556,12854.222222222223,0.4144677974295154,0.37832936732765116,0.3963985823785833,0.318760693076494,0.37107034120325944,0.3416062529185974,0.4909252078357476,0.5448515416191934,0.5150998006354928,0.7257982970408429,0.784770943143416,0.7533121839335062,0.1054215221164673
frl_apartment_5,support,1,0.9,25.533333333333335,1.0,1.0,1.0,0.9,8220.355555555556,12854.222222222223,0.4425834676831238,0.3417662534708958,0.3921748605770098,0.28961599172427577,0.3817111622202051,0.3278124084111162,0.4597304116104739,0.560311887711155,0.5034675619390272,0.7017962641371626,0.8038436357199855,0.7484986157081625,0.10195397655717933
frl_apartment_5,support,1,1.0,25.533333333333335,1.0,1.0,1.0,1.0,9134.31111111111,12854.222222222223,0.46241214545962706,0.31845569303951765,0.3904339192495724,0.27070860038667827,0.38768239883852273,0.31721939043302827,0.4380556674611215,0.5710744177137976,0.4941296386925344,0.685351068776361,0.8202437747277849,0.7457875892287472,0.09916211165193153
frl_apartment_5,support,2,0.1,25.533333333333335,2.0,2.0,1.0,0.1,1658.5555555555557,20242.244444444445,0.34473531855477596,1.232305977396005,0.7885206479753905,0.5118025946577629,0.1716591651443047,0.2558177793451031,0.6470210158613472,0.267517731328983,0.37642915442389174,0.7651490965067778,0.44966492899877486,0.5629432869880047,0.05777281490319726
frl_apartment_5,support,2,0.25,25.533333333333335,2.0,2.0,1.0,0.25,4147.022222222222,20242.244444444445,0.3527499890086291,0.6556685230932184,0.5042092560509238,0.43313325514234335,0.29978326793986215,0.3529424140897115,0.5965629503647352,0.4561367872181777,0.5150604719766593,0.7751626774305775,0.683778254568107,0.72409926889207,0.09649014615478853
frl_apartment_5,support,2,0.5,25.533333333333335,2.0,2.0,1.0,0.5,8294.422222222222,20242.244444444445,0.3879203030695175,0.3583259657331845,0.37312313440135103,0.35387227351395073,0.38206449821478117,0.3661184368994354,0.5285360666891515,0.5580394837499468,0.541341697913503,0.7468928600701205,0.792782641999461,0.7675073445574421,0.11310288853699402
frl_apartment_5,support,2,0.75,25.533333333333335,2.0,2.0,1.0,0.75,12441.622222222222,20242.244444444445,0.4238351682354628,0.3090519844971164,0.3664435763662896,0.30273202069107935,0.4172319439778836,0.3494541906622444,0.4775751908166092,0.5947806539945921,0.5280242020787104,0.7184289343959553,0.8206308928008353,0.7646517236139292,0.11097467219092552
frl_apartment_5,support,2,0.9,25.533333333333335,2.0,2.0,1.0,0.9,14929.866666666667,20242.244444444445,0.44634618428336176,0.2862320731509819,0.36628912871717184,0.2772222207004386,0.4333169625295376,0.3366936761545901,0.44985460384530934,0.6171940559565338,0.5187173800235636,0.699706481273016,0.8388916824897475,0.7615330031368234,0.10701546595551989
frl_apartment_5,support,2,1.0,25.533333333333335,2.0,2.0,1.0,1.0,16589.31111111111,20242.244444444445,0.47044351107397425,0.26553270964680914,0.3679881103603917,0.2584283187330121,0.4411440421576335,0.3245112297308208,0.4276874557255557,0.6323334294769043,0.5085991862549375,0.6804889902980928,0.8568037367653405,0.7571100373665227,0.1027723047341659
frl_apartment_5,support,4,0.1,25.533333333333335,4.0,4.0,1.0,0.1,2987.5555555555557,31370.066666666666,0.3878355110122239,1.1450696699924228,0.7664525905023234,0.5150510699781498,0.20165951193913179,0.28900238498479486,0.6273336726317842,0.3070672231244418,0.4114449776812784,0.7347128732253108,0.4911342184774809,0.5866303085957745,0.07621318151070586
frl_apartment_5,support,4,0.25,25.533333333333335,4.0,4.0,1.0,0.25,7469.555555555556,31370.066666666666,0.3704795977027225,0.5922520791016044,0.48136583840216346,0.43528121745264214,0.35040131087826865,0.3873872546360347,0.5940946716894078,0.5140478458238795,0.5502036941716534,0.7624043085086142,0.709190427842609,0.7326540942094503,0.11771017554281386
frl_apartment_5,support,4,0.5,25.533333333333335,4.0,4.0,1.0,0.5,14939.644444444444,31370.066666666666,0.3913260174968334,0.297442161783317,0.34438408964007516,0.3509909790992169,0.4459223030747851,0.3916715474246292,0.5278212133538224,0.6285392165095542,0.5715885196001185,0.7439067572876742,0.837539461485001,0.7857586860975837,0.1281608624578813
frl_apartment_5,support,4,0.75,25.533333333333335,4.0,4.0,1.0,0.75,22409.444444444445,31370.066666666666,0.42040043002559724,0.24610792423875508,0.3332541771321762,0.2977612420783365,0.4938744981340314,0.37030363285976414,0.47777569123203767,0.6787928546424717,0.5582579960406263,0.7182357643402894,0.8667443265046186,0.7835543689373412,0.12130491223416326
frl_apartment_5,support,4,0.9,25.533333333333335,4.0,4.0,1.0,0.9,26891.28888888889,31370.066666666666,0.443273293426068,0.22669283581465305,0.3349830646203606,0.2726493161474424,0.5176253452502791,0.35594899526351487,0.44880992445951917,0.7068651947341735,0.5463321776441888,0.6988600560653013,0.8827083462336298,0.7780162616202666,0.11574923291979444
frl_apartment_5,support,4,1.0,25.533333333333335,4.0,4.0,1.0,1.0,29879.733333333334,31370.066666666666,0.4649906204212496,0.20552322986113927,0.3352569251411944,0.2560419995435557,0.5322909234753139,0.34456975386579286,0.4285181852887802,0.7300652557412628,0.5373910037523031,0.6820494917749155,0.9005029082901115,0.7740913758753208,0.11117542780616009
frl_apartment_5,support,8,0.1,25.533333333333335,8.0,8.0,1.0,0.1,4904.155555555555,42007.57777777778,0.3908760257745752,1.1449922570167104,0.7679341413956429,0.49043160030231997,0.2271299190611239,0.3097024245979668,0.6192372744972039,0.33461027661535186,0.4335804474292643,0.7375668936794291,0.5057430839098015,0.5968473689963385,0.0922528429653481
frl_apartment_5,support,8,0.25,25.533333333333335,8.0,8.0,1.0,0.25,12261.244444444445,42007.57777777778,0.3690434405966853,0.5282524667665246,0.4486479536816049,0.40647108690042144,0.3829388803243053,0.3935076277617576,0.5793689500227431,0.5326497612085659,0.5533766285576331,0.7667522311394945,0.7145376544963516,0.7373137323736916,0.1280581080643666
frl_apartment_5,support,8,0.5,25.533333333333335,8.0,8.0,1.0,0.5,24523.066666666666,42007.57777777778,0.3913416123605191,0.25969635213858244,0.3255189822495508,0.32199883996167683,0.4947215003245297,0.3886478637086313,0.507653805901282,0.6751486160252165,0.5759322662329711,0.7437439973609369,0.8633967469369641,0.7964154311969001,0.13061926034318386
frl_apartment_5,support,8,0.75,25.533333333333335,8.0,8.0,1.0,0.75,36784.688888888886,42007.57777777778,0.42927281534547984,0.21475888369751356,0.3220158495214967,0.2689009162666356,0.5527566576417863,0.3603775370694175,0.4504036401951073,0.7255259292054113,0.5522365147217582,0.7101829746335443,0.8884567827662502,0.7870335969330093,0.11923208368562589
frl_apartment_5,support,8,0.9,25.533333333333335,8.0,8.0,1.0,0.9,44141.666666666664,42007.57777777778,0.4548881079387664,0.19921938173896148,0.32705374483886396,0.2467373986010026,0.5852592685876238,0.34563664057284377,0.4225095523590671,0.7541928947536883,0.5379012899156752,0.6889413871342369,0.9000690325807014,0.7779135473100911,0.11306476383602568
frl_apartment_5,support,8,1.0,25.533333333333335,8.0,8.0,1.0,1.0,49046.8,42007.57777777778,0.47597743208661325,0.17837003940257665,0.3271737357445949,0.2326739992710586,0.6075573984219292,0.3350324893376768,0.40408064845119246,0.784362995672433,0.5298853455446543,0.6723067232707889,0.9184739337731155,0.7738799881010299,0.10838059486795554
frl_apartment_5,support,16,0.1,25.533333333333335,16.0,15.666666666666666,1.0,0.1,7168.133333333333,51984.933333333334,0.3843832500284658,1.1961898690615484,0.7902865595450072,0.4713149019946524,0.24167090364752378,0.3188879803522082,0.6174900287131047,0.3402577181696366,0.4373502643239617,0.7490426136891631,0.48735627619687216,0.5866207572778616,0.1056445185898743
frl_apartment_5,support,16,0.25,25.533333333333335,16.0,15.666666666666666,1.0,0.25,17920.777777777777,51984.933333333334,0.36046901793814856,0.514309453938338,0.43738923593824325,0.3865293345152048,0.3966236413479868,0.3903336059890411,0.5713153107394635,0.5313138793015239,0.5478394628131572,0.7737833886023618,0.7190832567527939,0.742068390233555,0.1367813999494859
frl_apartment_5,support,16,0.5,25.533333333333335,16.0,15.666666666666666,1.0,0.5,35842.24444444444,51984.933333333334,0.39550486602998036,0.24785076641475584,0.32167781622236813,0.29482150113811334,0.5217859552246021,0.37501001502867426,0.48437965609657296,0.6936189526267894,0.5657059084836719,0.7410822130703714,0.8681412028651303,0.7959375345148841,0.1284249483686163
frl_apartment_5,support,16,0.75,25.533333333333335,16.0,15.666666666666666,1.0,0.75,53763.311111111114,51984.933333333334,0.4442223529687914,0.20199975736257175,0.3231110551656816,0.2428740486489666,0.5904093687140508,0.3425275422970766,0.42158932682835165,0.7514598100107526,0.5360300584679325,0.6964271084715528,0.8985022454250652,0.7822016058233634,0.11418811153675787
frl_apartment_5,support,16,0.9,25.533333333333335,16.0,15.666666666666666,1.0,0.9,64516.0,51984.933333333334,0.4736859538964492,0.18698991098827125,0.3303379324423602,0.22252141829097577,0.6287983655766838,0.3270452479398019,0.39372506337856955,0.7778120040452501,0.5187271608611848,0.6718640847354452,0.9086332196261703,0.7697084568577007,0.10744880063197199
frl_apartment_5,support,16,1.0,25.533333333333335,16.0,15.666666666666666,1.0,1.0,71684.95555555556,51984.933333333334,0.49505061042535803,0.16900544583975805,0.33202802813255805,0.21073563464812542,0.656249142219234,0.31745444655987615,0.3770515707290785,0.8050583120324529,0.5096932859709612,0.6554083177403588,0.9202285380784396,0.7626737077381094,0.10314080803557106
frl_apartment_5,support,32,0.1,25.533333333333335,32.0,22.666666666666668,1.0,0.1,8567.222222222223,57186.2,0.37148044893330745,1.2057118444487667,0.7885961466910372,0.46736445107525093,0.2499107775914609,0.32464139777159984,0.6218727450739026,0.3459425483820081,0.4426064333659622,0.7603443314717383,0.4831085253993136,0.5872370816223629,0.11135880408311988
frl_apartment_5,support,32,0.25,25.533333333333335,32.0,22.666666666666668,1.0,0.25,21418.444444444445,57186.2,0.35322052605790905,0.5069300464371985,0.43007528624755376,0.37849021437503866,0.4057757018433862,0.39006409559200833,0.5692157422386016,0.5344963635314234,0.5483227024260191,0.7802705710602648,0.7218894708062641,0.7463467641588037,0.13911603272598885
frl_apartment_5,support,32,0.5,25.533333333333335,32.0,22.666666666666668,1.0,0.5,42837.666666666664,57186.2,0.3984399417805925,0.24478823413338524,0.32161408795698887,0.28220325266919877,0.5363822378323855,0.3675400181577903,0.4729273218520453,0.7011997882949563,0.5593989728768195,0.7383689378268463,0.8695276788643201,0.7947337988649215,0.12611903368893584
frl_apartment_5,support,32,0.75,25.533333333333335,32.0,22.666666666666668,1.0,0.75,64256.46666666667,57186.2,0.45295797907345975,0.19708589113736708,0.32502193510541344,0.2307158322702031,0.6104538196652506,0.33292196639453864,0.40721451752420706,0.7644459344079528,0.5268363405064542,0.6885322384674878,0.9012468695987242,0.7778622348316273,0.11086882603839177
frl_apartment_5,support,32,0.9,25.533333333333335,32.0,22.666666666666668,1.0,0.9,77107.6888888889,57186.2,0.48534991308466574,0.1819408783908852,0.33364539573777546,0.2104294131560098,0.6504882069399661,0.31614805509220534,0.3777956597807367,0.790264431348217,0.5070697377288456,0.660558446024887,0.9118123522141375,0.7632081375970285,0.10377060841037583
frl_apartment_5,support,32,1.0,25.533333333333335,32.0,22.666666666666668,1.0,1.0,85675.77777777778,57186.2,0.5063844612933427,0.16441598271852936,0.335400222005936,0.1992517221614511,0.6790056507325216,0.30641416733695076,0.36132973469741736,0.814799536802504,0.49694371492426,0.6441811044867619,0.9219429354510494,0.7556104723410889,0.09952163370598899
office_4,oracle,-1,0.1,17.583333333333332,-1.0,17.583333333333332,0.0,0.10000000000000002,5889.333333333333,53765.25,0.029716259485457308,0.2008348626817965,0.11527556108362691,1.0,0.5801318692220271,0.7331177260334988,1.0,0.7380058814255078,0.8485310093553844,1.0,0.8872507444634499,0.9397598225093233,0.3493153070386585
office_4,oracle,-1,0.25,17.583333333333332,-1.0,17.583333333333332,0.0,0.25,14723.916666666666,53765.25,0.054171295888390404,0.1559743400865802,0.10507281798748531,0.9426117027739663,0.7086386171417282,0.8076003722202568,1.0,0.8130741167599614,0.8963408762453882,1.0,0.9177786709085893,0.956685630758369,0.3743273596179546
office_4,oracle,-1,0.5,17.583333333333332,-1.0,17.583333333333332,0.0,0.5,29448.416666666668,53765.25,0.11865170884610242,0.13506476171496454,0.12685823528053347,0.49583850444837646,0.7118772739445,0.5822904449173446,0.817431956205043,0.8377331797108373,0.8249258202237266,1.0,0.944098721812136,0.9709174294829227,0.22560893661306472
office_4,oracle,-1,0.75,17.583333333333332,-1.0,17.583333333333332,0.0,0.75,44172.666666666664,53765.25,0.21050044210956445,0.1299120800118598,0.17020626106071213,0.3305582699710089,0.7118772739445,0.44992514863170635,0.5449534813646378,0.8377331797108373,0.6584138066336797,0.9508956574878987,0.9508736321261004,0.9499948515682456,0.16088549464052307
office_4,oracle,-1,0.9,17.583333333333332,-1.0,17.583333333333332,0.0,0.9,53007.0,53765.25,0.28838539501119737,0.12884009872184068,0.208612746866519,0.27546628251372657,0.7118772739445,0.395957106776311,0.45412963841312703,0.8377331797108373,0.5873323500825353,0.8029841883577497,0.9509552201578125,0.8696208193488996,0.1372652270610226
office_4,oracle,-1,1.0,17.583333333333332,-1.0,17.583333333333332,0.0,1.0,58897.333333333336,53765.25,0.39116674357108233,0.12881776273902037,0.25999225315505137,0.24791678947839046,0.7118772739445,0.36664190010859227,0.4087119568198349,0.8377331797108373,0.5479043271940326,0.7226774272960994,0.9509552201578125,0.820217797295646,0.1250275739484209
office_4,oracle,1,0.1,17.583333333333332,1.0,1.0,1.0,0.1,854.3055555555555,16559.666666666668,0.02454667323499004,0.5194363669903004,0.27199152011264516,1.0,0.23934211491858992,0.38580468957258407,1.0,0.37224851918606466,0.5417953102756609,1.0,0.6209128084574558,0.7654706115818136,0.08842111081049477
office_4,oracle,1,0.25,17.583333333333332,1.0,1.0,1.0,0.25,2136.5,16559.666666666668,0.0364554369734221,0.43422852934533496,0.23534198315937851,1.0,0.3838938297759949,0.5544014758384042,1.0,0.4844967236198354,0.6522846552790292,1.0,0.6880426704573325,0.8145557224631376,0.19197610084012623
office_4,oracle,1,0.5,17.583333333333332,1.0,1.0,1.0,0.5,4273.555555555556,16559.666666666668,0.06791371454267042,0.3372521106708135,0.202582912606742,0.7889614147374903,0.46070421342265455,0.5813340559202272,0.9966747313327738,0.5974509363984761,0.7461122390757313,1.0,0.7700397108062862,0.8695471424351564,0.1996610756874572
office_4,oracle,1,0.75,17.583333333333332,1.0,1.0,1.0,0.75,6410.305555555556,16559.666666666668,0.13005615049861804,0.2934544938086164,0.2117553221536172,0.5259758583355689,0.46070421342265455,0.49083130296681765,0.7600390938998985,0.614870759478042,0.6793939028731605,0.9985389728979472,0.817627918093922,0.8985625260739466,0.16597834264035194
office_4,oracle,1,0.9,17.583333333333332,1.0,1.0,1.0,0.8999999999999999,7692.388888888889,16559.666666666668,0.19271498689578137,0.2827571327271983,0.23773605981148982,0.4383131118066086,0.46070421342265455,0.4489080759183509,0.633366054074078,0.614870759478042,0.6236121392285656,0.9205600490539472,0.8241504691861695,0.8692878724056959,0.15071574155058584
office_4,oracle,1,1.0,17.583333333333332,1.0,1.0,1.0,1.0,8547.527777777777,16559.666666666668,0.2713521730491103,0.2807161771857985,0.2760341751174544,0.3944604238832879,0.46070421342265455,0.42471363111818694,0.5699978630510351,0.614870759478042,0.5912346770852251,0.8289319559110887,0.8241561340740614,0.826146828238543,0.14200715162672753
office_4,oracle,2,0.1,17.583333333333332,2.0,2.0,1.0,0.1,1418.2222222222222,24214.583333333332,0.025116444168980193,0.422400240994154,0.2237583425815671,1.0,0.3006752258221639,0.4618674871776757,1.0,0.4564341444666161,0.6258862092143702,1.0,0.7069160714274466,0.8271459221223406,0.12003012369708194
office_4,oracle,2,0.25,17.583333333333332,2.0,2.0,1.0,0.25,3546.3055555555557,24214.583333333332,0.03801469668102585,0.3445797566305516,0.19129722665578874,1.0,0.45219894862459065,0.6219845607569399,1.0,0.5668419743145621,0.7226082574654948,1.0,0.7642156167109654,0.8654856649278672,0.23951241801599193
office_4,oracle,2,0.5,17.583333333333332,2.0,2.0,1.0,0.5,7092.916666666667,24214.583333333332,0.07428769411771859,0.2713201637840136,0.17280392895086608,0.7363881066727831,0.5123090621393529,0.6037542150935342,0.9884100430391923,0.6667863749284417,0.7953691829788663,1.0,0.8316738369477844,0.9075511453649939,0.21688312410772304
office_4,oracle,2,0.75,17.583333333333332,2.0,2.0,1.0,0.75,10639.333333333334,24214.583333333332,0.13976351375131627,0.2383072695793921,0.18903539166535419,0.49092740547692615,0.5123090621393529,0.5009719736210362,0.7301204136277649,0.6786563960581284,0.7029155771187947,0.9969713767462457,0.8697965222353792,0.9285906768489771,0.17404563322437214
office_4,oracle,2,0.9,17.583333333333332,2.0,2.0,1.0,0.8999999999999999,12767.166666666666,24214.583333333332,0.2035272251632916,0.23095133393501083,0.21723927954915123,0.40910676272000857,0.5123090621393529,0.45455349882473783,0.608434590089015,0.6786563960581284,0.6411444635359383,0.9111091436164929,0.8741382944788677,0.8917588415723556,0.15560981729406448
office_4,oracle,2,1.0,17.583333333333332,2.0,2.0,1.0,1.0,14186.222222222223,24214.583333333332,0.284684087473103,0.22957629767033008,0.25713019257171654,0.368183069437082,0.5123090621393529,0.4281024197021405,0.5475717105850528,0.6786563960581284,0.6056528279333858,0.8204183720455405,0.8741449069234885,0.8459683139747627,0.14534431651369217
office_4,oracle,4,0.1,17.583333333333332,4.0,4.0,1.0,0.1,2524.5833333333335,35190.97222222222,0.026295471757779607,0.3174324898432871,0.17186398080053333,1.0,0.3919269663466683,0.5627999761644846,1.0,0.5648472246373806,0.7214050431627006,1.0,0.7930233968146901,0.8840258518571709,0.17667640672998491
office_4,oracle,4,0.25,17.583333333333332,4.0,4.0,1.0,0.25,6312.388888888889,35190.97222222222,0.04171661826174309,0.2550385396341012,0.14837757894792217,1.0,0.5476042898850202,0.7071077031158374,1.0,0.6687059337432085,0.8009200338978483,1.0,0.8380000479208606,0.9113353391192255,0.3023965514246295
office_4,oracle,4,0.5,17.583333333333332,4.0,4.0,1.0,0.5,12625.388888888889,35190.97222222222,0.08694150176458569,0.20485742004158705,0.14589946090308636,0.6481755492016831,0.5805898583344709,0.6118550569256885,0.9543745405792148,0.7398843299630596,0.8330209142480933,1.0,0.8860207589882123,0.9391874806914264,0.23151877213457647
office_4,oracle,4,0.75,17.583333333333332,4.0,4.0,1.0,0.75,18938.11111111111,35190.97222222222,0.16215957957452132,0.18702004000616818,0.17458980979034475,0.4321160078303624,0.5805898583344709,0.494936954739301,0.6628330359728106,0.7425736694740235,0.6995235985771968,0.9902113237606793,0.9079194603941771,0.9469264359059236,0.17741491677623464
office_4,oracle,4,0.9,17.583333333333332,4.0,4.0,1.0,0.8999999999999999,22725.805555555555,35190.97222222222,0.23092867947513845,0.18405569158882615,0.2074921855319823,0.36009560381589156,0.5805898583344709,0.4440396931636224,0.552359219067584,0.7425736694740235,0.6326811271945434,0.8780990965970081,0.9093851549733589,0.892603096669414,0.1556040635452725
office_4,oracle,4,1.0,17.583333333333332,4.0,4.0,1.0,1.0,25251.333333333332,35190.97222222222,0.32054268690890125,0.1837273879622637,0.25213503743558247,0.3240803782784138,0.5805898583344709,0.41554950433621324,0.4971146265778802,0.7425736694740235,0.5947911799081721,0.7905030489551639,0.909387643724205,0.8449671492724865,0.1438167810925963
office_4,oracle,8,0.1,17.583333333333332,8.0,8.0,1.0,0.1,3918.0555555555557,44497.083333333336,0.027748615419318768,0.24718850965922956,0.13746856253927417,1.0,0.48253797058467884,0.6506498589561818,1.0,0.6596714094115755,0.7944970392197583,1.0,0.850682421887769,0.9188329271025206,0.24948146570227392
office_4,oracle,8,0.25,17.583333333333332,8.0,8.0,1.0,0.25,9795.916666666666,44497.083333333336,0.046711312730130544,0.1932286581562149,0.11996998544317271,0.99319452241034,0.6352316720237434,0.7745128296524134,1.0,0.7541914451311083,0.859433958969407,1.0,0.8882543062735029,0.9403500664024551,0.3503495713792787
office_4,oracle,8,0.5,17.583333333333332,8.0,8.0,1.0,0.5,19592.25,44497.083333333336,0.10011993916294556,0.16107846202500908,0.1305992005939773,0.5746441582756384,0.6489340171100809,0.6085316536144627,0.9023093187589857,0.7993592426333631,0.8465987153107672,1.0,0.9217603623357551,0.9589159861235266,0.23385953757821987
office_4,oracle,8,0.75,17.583333333333332,8.0,8.0,1.0,0.75,29388.222222222223,44497.083333333336,0.182179901540733,0.15195320093141526,0.16706655123607414,0.38309812832712936,0.6489340171100809,0.4810353390947097,0.6097512439721324,0.8000638335991179,0.6907258629889564,0.98194835554469,0.9343358578675127,0.9569655522424131,0.17239989172973058
office_4,oracle,8,0.9,17.583333333333332,8.0,8.0,1.0,0.8999999999999999,35265.86111111111,44497.083333333336,0.25456505111879,0.15061389091397082,0.20258947101638042,0.31924845895654874,0.6489340171100809,0.4273336604675919,0.5081260802639945,0.8000638335991179,0.6203577685988966,0.8485659876024152,0.9348190773860358,0.888547740205245,0.14892126311435533
office_4,oracle,8,1.0,17.583333333333332,8.0,8.0,1.0,1.0,39184.833333333336,44497.083333333336,0.3471084733353876,0.15047915126255235,0.24879381229896996,0.2873196036337695,0.6489340171100809,0.3977324017554077,0.4573070939854613,0.8000638335991179,0.58090709773639,0.7636987604121542,0.9348190773860358,0.8396472500443766,0.13652503225111678
office_4,oracle,16,0.1,17.583333333333332,16.0,15.5,1.0,0.1,5556.361111111111,52538.083333333336,0.02947558656633499,0.20525774918674725,0.11736666787654111,1.0,0.5650925397004196,0.721529847081301,1.0,0.7290405426517486,0.8427856646207874,1.0,0.885080369137827,0.9385773675898,0.3327730753966518
office_4,oracle,16,0.25,17.583333333333332,16.0,15.5,1.0,0.25,13891.555555555555,52538.083333333336,0.05312344952853518,0.1595111768808503,0.10631731320469275,0.9557758313986408,0.6992404605933413,0.8069018868153236,1.0,0.8074741782751077,0.8930200575610157,1.0,0.9163411864450056,0.9559194297970885,0.3718455722687597
office_4,oracle,16,0.5,17.583333333333332,16.0,15.5,1.0,0.5,27783.527777777777,52538.083333333336,0.11608943276753364,0.13703815887886814,0.1265637958232009,0.5054178985306708,0.7030281017556811,0.5864751439990801,0.8294152568836037,0.8348229762203867,0.8299879748180667,1.0,0.9436007369962424,0.9706480704177872,0.22664212305437326
office_4,oracle,16,0.75,17.583333333333332,16.0,15.5,1.0,0.75,41675.38888888889,52538.083333333336,0.2067694767146738,0.1316431086954884,0.1692062927050811,0.3369442846358226,0.7030281017556811,0.45444236224403883,0.5529419125677606,0.8348229762203867,0.6636281118374631,0.9562519288560384,0.9506420575880643,0.9526077653054826,0.16227770472202036
office_4,oracle,16,0.9,17.583333333333332,16.0,15.5,1.0,0.8999999999999999,50010.444444444445,52538.083333333336,0.2843036503042484,0.13056256799204416,0.20743310914814628,0.28078702739477646,0.7030281017556811,0.4003856126687706,0.46078513036073293,0.8348229762203867,0.5924238721210839,0.8082091451482385,0.9507385144581837,0.8726594680105785,0.13865436767429928
office_4,oracle,16,1.0,17.583333333333332,16.0,15.5,1.0,1.0,55567.72222222222,52538.083333333336,0.38730478513775285,0.13054023200922385,0.25892250857348836,0.2527057742317604,0.7030281017556811,0.3709698261809453,0.41470243054024586,0.8348229762203867,0.5528815616576007,0.7273808527866168,0.9507385144581837,0.8232274309394454,0.12638777823125216
office_4,oracle,32,0.1,17.583333333333332,32.0,17.583333333333332,1.0,0.1,5889.333333333333,53765.25,0.029716259485457308,0.2008348626817965,0.11527556108362691,1.0,0.580131869222027,0.7331177260334988,1.0,0.7380058814255078,0.8485310093553844,1.0,0.8872507444634499,0.9397598225093233,0.3493153070386585
office_4,oracle,32,0.25,17.583333333333332,32.0,17.583333333333332,1.0,0.25,14723.916666666666,53765.25,0.054171295888390404,0.1559743400865802,0.10507281798748531,0.9426117027739662,0.7086386171417282,0.8076003722202568,1.0,0.8130741167599614,0.8963408762453883,1.0,0.9177786709085893,0.956685630758369,0.3743273596179546
office_4,oracle,32,0.5,17.583333333333332,32.0,17.583333333333332,1.0,0.5,29448.416666666668,53765.25,0.11865170884610242,0.13506476171496454,0.12685823528053347,0.4958385044483765,0.7118772739444998,0.5822904449173447,0.8174319562050429,0.8377331797108372,0.8249258202237266,1.0,0.9440987218121362,0.9709174294829227,0.22560893661306475
office_4,oracle,32,0.75,17.583333333333332,32.0,17.583333333333332,1.0,0.75,44172.666666666664,53765.25,0.21050044210956445,0.12991208001185978,0.17020626106071213,0.3305582699710089,0.7118772739444998,0.4499251486317063,0.5449534813646378,0.8377331797108372,0.6584138066336797,0.9508956574878987,0.9508736321261004,0.9499948515682457,0.16088549464052304
office_4,oracle,32,0.9,17.583333333333332,32.0,17.583333333333332,1.0,0.8999999999999999,53007.0,53765.25,0.28838539501119737,0.12884009872184066,0.208612746866519,0.27546628251372657,0.7118772739444998,0.3959571067763111,0.45412963841312703,0.8377331797108372,0.5873323500825353,0.8029841883577495,0.9509552201578126,0.8696208193488995,0.1372652270610226
office_4,oracle,32,1.0,17.583333333333332,32.0,17.583333333333332,1.0,1.0,58897.333333333336,53765.25,0.39116674357108233,0.12881776273902037,0.25999225315505137,0.24791678947839044,0.7118772739444998,0.36664190010859227,0.4087119568198349,0.8377331797108372,0.5479043271940326,0.7226774272960994,0.9509552201578126,0.8202177972956461,0.1250275739484209
office_4,support,-1,0.1,17.583333333333332,-1.0,17.583333333333332,0.0,0.10000000000000002,5889.333333333333,53765.25,0.0963962262051048,0.9273030939283159,0.5118496600667103,0.6939098039682144,0.30553742298977093,0.42345271645513477,0.8735861743287986,0.37971397082777,0.5285606938235297,0.9929779653963718,0.5012418264725235,0.6652251000014996,0.16141786289663893
office_4,support,-1,0.25,17.583333333333332,-1.0,17.583333333333332,0.0,0.25,14723.916666666666,53765.25,0.17171933054382482,0.40451701506703697,0.2881181728054309,0.48341040211218905,0.4437592999138958,0.4614239954635257,0.692824564889475,0.5562189407281254,0.6149799618208739,0.9420683181892701,0.7216384551535512,0.8160807973529977,0.17559352765069144
office_4,support,-1,0.5,17.583333333333332,-1.0,17.583333333333332,0.0,0.5,29448.416666666668,53765.25,0.26026845260005366,0.2067984896813403,0.23353347114069697,0.35007134035247595,0.5697642301990514,0.43231774421813923,0.5394225222459118,0.7086474305926621,0.6110038774134687,0.8459628089917861,0.8793103480686632,0.8618125973425528,0.15760916683196885
office_4,support,-1,0.75,17.583333333333332,-1.0,17.583333333333332,0.0,0.75,44172.666666666664,53765.25,0.319843025326816,0.15602653195752908,0.23793477864217258,0.2877419396957887,0.6437829579466366,0.39655240657768004,0.461275425949836,0.7848069811702567,0.5798198230777103,0.7818641676229564,0.9260507388528039,0.8472708593145506,0.13889231451908388
office_4,support,-1,0.9,17.583333333333332,-1.0,17.583333333333332,0.0,0.9,53007.0,53765.25,0.34791649240645167,0.1415989303323301,0.24475771136939087,0.26465373466381337,0.6853329436898674,0.3807182706421042,0.4317831998098453,0.8107284782581776,0.5620969258784776,0.7517625964172642,0.9375743975684391,0.8334523231069251,0.1315889283225186
office_4,support,-1,1.0,17.583333333333332,-1.0,17.583333333333332,0.0,1.0,58897.333333333336,53765.25,0.39116674357108233,0.12881776273902037,0.25999225315505137,0.24791678947839046,0.7118772739445,0.36664190010859227,0.4087119568198349,0.8377331797108373,0.5479043271940326,0.7226774272960994,0.9509552201578125,0.820217797295646,0.1250275739484209
office_4,support,1,0.1,17.583333333333332,1.0,1.0,1.0,0.1,854.3055555555555,16559.666666666668,0.07597690280902475,1.1097688047312202,0.5928728537701226,0.8258808424141912,0.193978209594012,0.3140602996095687,0.9282187870438305,0.2757050777414485,0.42491168283676806,0.9857507674644155,0.4301333295124896,0.5981015998808682,0.06864979450614545
office_4,support,1,0.25,17.583333333333332,1.0,1.0,1.0,0.25,2136.5,16559.666666666668,0.11937522669355444,0.6094315194447565,0.3644033730691555,0.6699272621578627,0.33108428434977194,0.4430299633564151,0.8237475932284216,0.47110518689914244,0.5991586843292066,0.9642555729930297,0.67383111828194,0.7929217979659237,0.11819915375547417
office_4,support,1,0.5,17.583333333333332,1.0,1.0,1.0,0.5,4273.555555555556,16559.666666666668,0.17161373101758462,0.3393936411027276,0.25550368606015605,0.5478206502131767,0.4172740704140056,0.473406445697989,0.7180423941566052,0.5701680621118549,0.6352664328336168,0.9216174989283302,0.7829944346986824,0.8463830791070397,0.1493599480787186
office_4,support,1,0.75,17.583333333333332,1.0,1.0,1.0,0.75,6410.305555555556,16559.666666666668,0.2116453227249744,0.3113100735413555,0.26147769813316496,0.4670557656204639,0.4439182350645154,0.45481093329850936,0.6453966286769176,0.5927928663965553,0.6175520495316165,0.8858931060081732,0.8001838260001647,0.8406152654838669,0.1506433814461177
office_4,support,1,0.9,17.583333333333332,1.0,1.0,1.0,0.8999999999999999,7692.388888888889,16559.666666666668,0.24122957639828158,0.293209582973393,0.2672195796858373,0.42506217471731617,0.45608573204084135,0.4397359326273136,0.6040491719722253,0.606359928244845,0.6049355356523078,0.8563557248206028,0.8117624494036189,0.8332357974563621,0.14668355177297587
office_4,support,1,1.0,17.583333333333332,1.0,1.0,1.0,1.0,8547.527777777777,16559.666666666668,0.2713521730491103,0.2807161771857985,0.2760341751174544,0.3944604238832879,0.46070421342265455,0.42471363111818694,0.5699978630510351,0.614870759478042,0.5912346770852251,0.8289319559110887,0.8241561340740614,0.826146828238543,0.14200715162672753
office_4,support,2,0.1,17.583333333333332,2.0,2.0,1.0,0.1,1418.2222222222222,24214.583333333332,0.07109111589812399,1.052498047061815,0.5617945814799695,0.8190149728151792,0.21820258489796124,0.3443381208418599,0.935758784999857,0.30469173290238605,0.4590693961432088,0.9935279259746184,0.46696152546241493,0.6335896876653494,0.08714314529232407
office_4,support,2,0.25,17.583333333333332,2.0,2.0,1.0,0.25,3546.3055555555557,24214.583333333332,0.1169786460872529,0.5470785491422959,0.33202859761477443,0.6551206315930441,0.36473423192197346,0.4681697930341701,0.8239810112739444,0.5044075366880112,0.6250218970634118,0.97177926098751,0.6980260365225717,0.81143316522386,0.1401977558415695
office_4,support,2,0.5,17.583333333333332,2.0,2.0,1.0,0.5,7092.916666666667,24214.583333333332,0.17669461323095204,0.3009723929328849,0.23883350308191847,0.5135801650196188,0.4546315566086321,0.48182081452151426,0.7021543877566241,0.6147987345602912,0.6549585072971899,0.9237664144249877,0.8188893509551002,0.8677601547411489,0.1597201878987464
office_4,support,2,0.75,17.583333333333332,2.0,2.0,1.0,0.75,10639.333333333334,24214.583333333332,0.22534223300631473,0.2654119692491601,0.2453771011277374,0.43275361326377576,0.48707611845962606,0.45795142098603936,0.6199382478176072,0.6468832891743461,0.6325951847176056,0.8770938062107029,0.84462980873853,0.8602632644908493,0.1556176950957324
office_4,support,2,0.9,17.583333333333332,2.0,2.0,1.0,0.8999999999999999,12767.166666666666,24214.583333333332,0.2560447855869234,0.24702115596799004,0.2515329707774567,0.3930460466613746,0.502892038640666,0.44090949790722755,0.5757383468071977,0.663542997171798,0.6161690627666,0.8448671766108796,0.8579712870238523,0.8511062419062971,0.1498706884812714
office_4,support,2,1.0,17.583333333333332,2.0,2.0,1.0,1.0,14186.222222222223,24214.583333333332,0.28468408747310303,0.22957629767033008,0.25713019257171654,0.368183069437082,0.5123090621393529,0.4281024197021405,0.5475717105850528,0.6786563960581284,0.6056528279333858,0.8204183720455405,0.8741449069234885,0.8459683139747627,0.14534431651369217
office_4,support,4,0.1,17.583333333333332,4.0,4.0,1.0,0.1,2524.5833333333335,35190.97222222222,0.07439773670688873,0.9660114315139633,0.520204584110426,0.8041535476784553,0.26502209558157497,0.3982917500610503,0.9243778135491216,0.3519100567852413,0.5092576730996835,0.9919821222484416,0.5040363668947867,0.6676581985094443,0.1227778398855915
office_4,support,4,0.25,17.583333333333332,4.0,4.0,1.0,0.25,6312.388888888889,35190.97222222222,0.1366775238310455,0.45664499562653227,0.2966612597287889,0.595878187418769,0.40555099842417547,0.48224153082542265,0.7785617410919107,0.5380911451834384,0.6357460383724745,0.9594057220400865,0.721534453288481,0.8226097789300941,0.16435022689354317
office_4,support,4,0.5,17.583333333333332,4.0,4.0,1.0,0.5,12625.388888888889,35190.97222222222,0.20607304640400015,0.252513346296467,0.2292931963502336,0.4508826221404353,0.5002612243331472,0.47387548062933643,0.6402304144996607,0.6563906209907706,0.6473708326650924,0.8965178212316106,0.8450247076218752,0.8695957877789628,0.16709170801631276
office_4,support,4,0.75,17.583333333333332,4.0,4.0,1.0,0.75,18938.11111111111,35190.97222222222,0.25603378075766303,0.2194587300664936,0.2377462554120783,0.37942782173402434,0.5425299548388964,0.4461838091283763,0.5631613176118575,0.697265731713066,0.6223995783602213,0.849069696099638,0.8745987862015556,0.8612333940883733,0.15650114654028074
office_4,support,4,0.9,17.583333333333332,4.0,4.0,1.0,0.8999999999999999,22725.805555555555,35190.97222222222,0.2858018339194103,0.203702951285159,0.24475239260228465,0.34614131721267,0.5653699297539002,0.4289807139967464,0.5236928126100373,0.7197026088439603,0.605591223678067,0.8169826868827419,0.8883838537479037,0.850661867428001,0.14987804655152828
office_4,support,4,1.0,17.583333333333332,4.0,4.0,1.0,1.0,25251.333333333332,35190.97222222222,0.32054268690890125,0.1837273879622637,0.25213503743558247,0.3240803782784138,0.5805898583344709,0.41554950433621324,0.4971146265778802,0.7425736694740235,0.5947911799081721,0.7905030489551639,0.909387643724205,0.8449671492724865,0.1438167810925963
office_4,support,8,0.1,17.583333333333332,8.0,8.0,1.0,0.1,3918.0555555555557,44497.083333333336,0.0823957914951792,0.9575105953554135,0.5199531934252963,0.7553609356235612,0.28971436074990137,0.4182315726036264,0.9067567650234787,0.3698023241977304,0.5246845941029071,0.9944317994889121,0.5058860821201487,0.6697645002322452,0.1445982372607951
office_4,support,8,0.25,17.583333333333332,8.0,8.0,1.0,0.25,9795.916666666666,44497.083333333336,0.14881735951737718,0.4307253806167649,0.28977137006707104,0.5447236183248989,0.4277782933963652,0.47861064916171386,0.7467808070779406,0.548894015432343,0.6314638424115423,0.9577486439875396,0.7187758747361287,0.8202011760473711,0.17338139500516137
office_4,support,8,0.5,17.583333333333332,8.0,8.0,1.0,0.5,19592.25,44497.083333333336,0.22687736088990018,0.22450669172391477,0.22569202630690746,0.4019668867721979,0.5346205837145194,0.4582685492404635,0.5961341811632379,0.6879519938353829,0.6376162700927958,0.8797599001962031,0.8651254969891413,0.871852213325035,0.16498857947655104
office_4,support,8,0.75,17.583333333333332,8.0,8.0,1.0,0.75,29388.222222222223,44497.083333333336,0.2833076954356517,0.18849212550672265,0.2358999104711872,0.33351036550540564,0.5903000645012682,0.42567483421552743,0.5159899882262647,0.7371024294504892,0.6062602706968752,0.8213214597060351,0.896993826835788,0.8570324383975009,0.14972713632509446
office_4,support,8,0.9,17.583333333333332,8.0,8.0,1.0,0.8999999999999999,35265.86111111111,44497.083333333336,0.31119175400856625,0.17021363974271214,0.24070269687563917,0.30621469278660646,0.6261450478482133,0.4107165340494522,0.4818880509786013,0.77064233571954,0.5921085587354238,0.790799642403655,0.9134982206230562,0.8471048658117719,0.14280446741532649
office_4,support,8,1.0,17.583333333333332,8.0,8.0,1.0,1.0,39184.833333333336,44497.083333333336,0.3471084733353876,0.15047915126255235,0.24879381229896996,0.2873196036337695,0.6489340171100809,0.3977324017554077,0.4573070939854613,0.8000638335991179,0.58090709773639,0.7636987604121542,0.9348190773860358,0.8396472500443766,0.13652503225111678
office_4,support,16,0.1,17.583333333333332,16.0,15.5,1.0,0.1,5556.361111111111,52538.083333333336,0.09499989011290694,0.9331805253537993,0.5140902077333531,0.7010160901635148,0.3030714943106629,0.42257773784932406,0.8764028851444958,0.37710605224877186,0.5267170808789685,0.9932464475258571,0.4994622507209554,0.6637832232470853,0.1594350218985348
office_4,support,16,0.25,17.583333333333332,16.0,15.5,1.0,0.25,13891.555555555555,52538.083333333336,0.1681759836347233,0.4104645970183911,0.2893202903265572,0.4918573127398238,0.4396436724532039,0.46337334506246086,0.7010438544351065,0.5547980625042551,0.617512946662695,0.9452650262090163,0.720630054101761,0.8166624452178757,0.17508118246228366
office_4,support,16,0.5,17.583333333333332,16.0,15.5,1.0,0.5,27783.527777777777,52538.083333333336,0.25627110239279827,0.20895557300713097,0.23261333769996462,0.35574207464019025,0.5622886007221469,0.4348400076907888,0.5455317667849965,0.70468071178505,0.6135947795499497,0.8501343799525323,0.8785144856953511,0.8634775866593312,0.15779775178984173
office_4,support,16,0.75,17.583333333333332,16.0,15.5,1.0,0.75,41675.38888888889,52538.083333333336,0.3153473965034923,0.16024694166888379,0.23779716908618806,0.2937858671296885,0.6359190138299603,0.4010744855806438,0.4688821660672022,0.7783416909703936,0.5842627126917794,0.7877653156198002,0.9214445798315022,0.8488768266452292,0.14026982196205673
office_4,support,16,0.9,17.583333333333332,16.0,15.5,1.0,0.8999999999999999,50010.444444444445,52538.083333333336,0.342971234586001,0.1442026495977192,0.2435869420918601,0.27057300614921054,0.6781060028527403,0.38598457773312034,0.4393394209637989,0.8063128408153487,0.5676479984909825,0.7577947230398833,0.9355043751989205,0.8364119838065147,0.13332144476592261
office_4,support,16,1.0,17.583333333333332,16.0,15.5,1.0,1.0,55567.72222222222,52538.083333333336,0.38730478513775285,0.13054023200922385,0.25892250857348836,0.2527057742317604,0.7030281017556811,0.3709698261809453,0.41470243054024586,0.8348229762203867,0.5528815616576007,0.7273808527866168,0.9507385144581837,0.8232274309394454,0.12638777823125216
office_4,support,32,0.1,17.583333333333332,32.0,17.583333333333332,1.0,0.1,5889.333333333333,53765.25,0.0963962262051048,0.9273030939283158,0.5118496600667103,0.6939098039682146,0.30553742298977093,0.4234527164551347,0.8735861743287986,0.37971397082777,0.5285606938235297,0.9929779653963718,0.5012418264725235,0.6652251000014995,0.16141786289663893
office_4,support,32,0.25,17.583333333333332,32.0,17.583333333333332,1.0,0.25,14723.916666666666,53765.25,0.17171933054382482,0.40451701506703697,0.2881181728054309,0.4834104021121891,0.44375929991389573,0.46142399546352564,0.692824564889475,0.5562189407281255,0.614979961820874,0.9420683181892701,0.7216384551535512,0.8160807973529975,0.17559352765069142
office_4,support,32,0.5,17.583333333333332,32.0,17.583333333333332,1.0,0.5,29448.416666666668,53765.25,0.26026845260005366,0.2067984896813403,0.23353347114069697,0.35007134035247595,0.5697642301990515,0.43231774421813923,0.5394225222459118,0.7086474305926622,0.6110038774134687,0.8459628089917861,0.8793103480686633,0.8618125973425528,0.15760916683196885
office_4,support,32,0.75,17.583333333333332,32.0,17.583333333333332,1.0,0.75,44172.666666666664,53765.25,0.3198430253268161,0.15602653195752908,0.23793477864217255,0.2877419396957887,0.6437829579466368,0.39655240657768004,0.46127542594983606,0.7848069811702567,0.5798198230777103,0.7818641676229565,0.926050738852804,0.8472708593145506,0.13889231451908388
office_4,support,32,0.9,17.583333333333332,32.0,17.583333333333332,1.0,0.8999999999999999,53007.0,53765.25,0.3479164924064516,0.1415989303323301,0.2447577113693909,0.26465373466381337,0.6853329436898673,0.3807182706421042,0.4317831998098453,0.8107284782581776,0.5620969258784776,0.7517625964172642,0.9375743975684391,0.8334523231069251,0.13158892832251856
office_4,support,32,1.0,17.583333333333332,32.0,17.583333333333332,1.0,1.0,58897.333333333336,53765.25,0.3911667435710824,0.12881776273902037,0.25999225315505137,0.24791678947839044,0.7118772739444998,0.36664190010859227,0.4087119568198349,0.8377331797108372,0.5479043271940326,0.7226774272960994,0.9509552201578126,0.8202177972956461,0.1250275739484209
